-- MySQL dump 10.13  Distrib 8.0.15, for Win64 (x86_64)
--
-- Host: localhost    Database: bachelor_3
-- ------------------------------------------------------
-- Server version	8.0.15

/*!40101 SET @OLD_CHARACTER_SET_CLIENT=@@CHARACTER_SET_CLIENT */;
/*!40101 SET @OLD_CHARACTER_SET_RESULTS=@@CHARACTER_SET_RESULTS */;
/*!40101 SET @OLD_COLLATION_CONNECTION=@@COLLATION_CONNECTION */;
 SET NAMES utf8 ;
/*!40103 SET @OLD_TIME_ZONE=@@TIME_ZONE */;
/*!40103 SET TIME_ZONE='+00:00' */;
/*!40014 SET @OLD_UNIQUE_CHECKS=@@UNIQUE_CHECKS, UNIQUE_CHECKS=0 */;
/*!40014 SET @OLD_FOREIGN_KEY_CHECKS=@@FOREIGN_KEY_CHECKS, FOREIGN_KEY_CHECKS=0 */;
/*!40101 SET @OLD_SQL_MODE=@@SQL_MODE, SQL_MODE='NO_AUTO_VALUE_ON_ZERO' */;
/*!40111 SET @OLD_SQL_NOTES=@@SQL_NOTES, SQL_NOTES=0 */;

--
-- Table structure for table `bachelor_`
--

DROP TABLE IF EXISTS `bachelor_`;
/*!40101 SET @saved_cs_client     = @@character_set_client */;
 SET character_set_client = utf8mb4 ;
CREATE TABLE `bachelor_` (
  `bachelor_id` int(11) NOT NULL AUTO_INCREMENT,
  `bachelor_code` varchar(100) CHARACTER SET utf8 COLLATE utf8_unicode_ci NOT NULL,
  `bachelor_name` varchar(100) CHARACTER SET utf8 COLLATE utf8_unicode_ci DEFAULT NULL,
  `bachelor_age` int(11) DEFAULT NULL,
  `bachelor_hometown` varchar(100) CHARACTER SET utf8 COLLATE utf8_unicode_ci DEFAULT NULL,
  `bachelor_season` int(11) DEFAULT NULL,
  `user_userId` int(11) NOT NULL,
  PRIMARY KEY (`bachelor_id`),
  UNIQUE KEY `bachelor_code_UNIQUE` (`bachelor_code`),
  KEY `fk_bachelor__user__idx` (`user_userId`),
  CONSTRAINT `fk_bachelor__user_` FOREIGN KEY (`user_userId`) REFERENCES `user_` (`user_id`) ON DELETE CASCADE ON UPDATE CASCADE
) ENGINE=InnoDB AUTO_INCREMENT=32 DEFAULT CHARSET=utf8;
/*!40101 SET character_set_client = @saved_cs_client */;

--
-- Dumping data for table `bachelor_`
--

LOCK TABLES `bachelor_` WRITE;
/*!40000 ALTER TABLE `bachelor_` DISABLE KEYS */;
INSERT INTO `bachelor_` (`bachelor_id`, `bachelor_code`, `bachelor_name`, `bachelor_age`, `bachelor_hometown`, `bachelor_season`, `user_userId`) VALUES (1,'B1','Alex Michel',32,'Charlottesville, Virginia',1,3),(2,'B2','Aaron Buerge',28,'Butler, Missouri',2,4),(3,'B5','Jesse Palmer',34,'Toronto, Ontario',5,5),(4,'B9','Lorenzo Borghese',34,'Milan, Italy',9,6),(5,'B10','Andy Baldwin',30,'Lancaster, Pennsylvania',10,7),(6,'B11','Brad Womack',35,'Austin, Texas',11,8),(7,'B12','Matt Grant',27,'London, England',12,9),(8,'B13','Jason Mesnick',33,'Cleveland, Ohio',13,10),(9,'B14','Jake Pavelka',32,'Dallas, Texas',14,11),(10,'B15','Brad Womack',35,'Austin, Texas',15,12),(11,'B16','Ben Flajnik',28,'Sonoma, California',16,13),(12,'B17','Sean Lowe',28,'McKinney, Texas',17,14),(13,'B18','Juan Pablo Galavais',32,'Miami, Florida',18,15),(14,'B19','Chris Soules',33,'Arlington, Iowa',19,16),(15,'B20','Ben Higgins',26,'Warsaw, Indiana',20,17),(16,'B21','Nick Viall',36,'Milwaukee, WI',21,18),(17,'B22','Arie Luyendyk Jr.',36,'\'s-Hertogenbosch, Netherlands',22,19),(18,'B23','Colton Underwood',26,'Indianapolis, Indiana',23,20),(20,'B24','1',1,'1',1,1),(26,'B26','1',1,'1',1,1),(27,'B27','2',2,'2',2,511),(28,'B28','3',33,'3',3,1);
/*!40000 ALTER TABLE `bachelor_` ENABLE KEYS */;
UNLOCK TABLES;

--
-- Table structure for table `contestant_`
--

DROP TABLE IF EXISTS `contestant_`;
/*!40101 SET @saved_cs_client     = @@character_set_client */;
 SET character_set_client = utf8mb4 ;
CREATE TABLE `contestant_` (
  `contestant_id` int(11) NOT NULL AUTO_INCREMENT,
  `contestant_name` varchar(100) CHARACTER SET utf8mb4 COLLATE utf8mb4_0900_ai_ci DEFAULT NULL,
  `contestant_age` int(11) DEFAULT NULL,
  `contestant_occupation` varchar(100) CHARACTER SET utf8 COLLATE utf8_unicode_ci DEFAULT NULL,
  `contestant_hometown` varchar(100) CHARACTER SET utf8 COLLATE utf8_unicode_ci DEFAULT NULL,
  `contestant_elimWeek` int(11) DEFAULT NULL,
  `contestant_season` int(11) DEFAULT NULL,
  `user_userId` int(11) NOT NULL,
  `bachelor_bachelorCode` varchar(45) CHARACTER SET utf8 COLLATE utf8_unicode_ci NOT NULL,
  PRIMARY KEY (`contestant_id`),
  KEY `fk_contestant__user_1_idx` (`user_userId`),
  KEY `fk_contestant__bachelor_1_idx` (`bachelor_bachelorCode`),
  CONSTRAINT `fk_contestant__bachelor_1` FOREIGN KEY (`bachelor_bachelorCode`) REFERENCES `bachelor_` (`bachelor_code`) ON DELETE CASCADE ON UPDATE CASCADE,
  CONSTRAINT `fk_contestant__user_1` FOREIGN KEY (`user_userId`) REFERENCES `user_` (`user_id`) ON DELETE CASCADE ON UPDATE CASCADE
) ENGINE=InnoDB AUTO_INCREMENT=499 DEFAULT CHARSET=utf8;
/*!40101 SET character_set_client = @saved_cs_client */;

--
-- Dumping data for table `contestant_`
--

LOCK TABLES `contestant_` WRITE;
/*!40000 ALTER TABLE `contestant_` DISABLE KEYS */;
INSERT INTO `contestant_` (`contestant_id`, `contestant_name`, `contestant_age`, `contestant_occupation`, `contestant_hometown`, `contestant_elimWeek`, `contestant_season`, `user_userId`, `bachelor_bachelorCode`) VALUES (1,'Amanda Marsh',23,'Event Planner','Chanute, Kansas',NULL,1,37,'B1'),(2,'Trista Rehn',29,'Miami Heat Dancer','Miami, Florida',6,1,493,'B1'),(3,'Shannon Oliver',24,'Financial Management Consultant','Dallas, Texas',5,1,441,'B1'),(4,'Kim',24,'Nanny','Tempe, Arizona',4,1,289,'B1'),(5,'Cathy Grimes',22,'Graduate Student','Terra Haute, Indiana',3,1,124,'B1'),(6,'Christina Stencil',28,'Attorney','Bonita, California',3,1,134,'B1'),(7,'LaNease Adams',23,'Actress','Los Angeles, California',3,1,312,'B1'),(8,'Rhonda Rittenhouse',28,'Commercial Real Estate Agent','Woodward, Oklahoma',3,1,421,'B1'),(9,'Alexa',27,'Special Ed. Teacher','Beverly Hills, California',2,1,22,'B1'),(10,'Amy Anzel',28,'Production Coordinator','New York, New York',2,1,52,'B1'),(11,'Angela',25,'Hooters Waitress','Avondale, Arizona',2,1,57,'B1'),(12,'Angelique Madrid',27,'Actress','Burbank, California',2,1,60,'B1'),(13,'Katie',23,'Power Tool Sales Rep.','Malden, Massachusetts',2,1,278,'B1'),(14,'Melissa',25,'Photographer','Tempe, Arizona',2,1,367,'B1'),(15,'Tina Chen',27,'Graduate Student','Plano, Texas',2,1,486,'B1'),(16,'Amber',29,'Business Development Director','Los Angeles, California',1,1,42,'B1'),(17,'Daniela',30,'Neuropsychologist','Seattle, Washington',1,1,148,'B1'),(18,'Denise',30,'Doctor','Honolulu, Hawaii',1,1,158,'B1'),(19,'Jackie',22,'Bar Manager','Pittsburgh, Pennsylvania',1,1,218,'B1'),(20,'Jill',31,'Retail Manager','Chicago, Illinois',1,1,257,'B1'),(21,'Kristina Jenkins',27,'Advertising Executive','Los Angeles, California',1,1,298,'B1'),(22,'Lisa Gold',29,'Attorney','Dallas, Texas',1,1,342,'B1'),(23,'Paula',24,'Insurance Representative','Swansea, Massachusetts',1,1,402,'B1'),(24,'Rachel',29,'6th Grade Teacher','Eastchester, New York',1,1,404,'B1'),(25,'Wendi Plotnik',26,'Technology Specialist','Dallas, Texas',1,1,500,'B1'),(26,'Helene Eksterowicz',27,'School Psychologist','Gloucester, New Jersey',NULL,2,211,'B2'),(27,'Brooke Smith',22,'College Student','Albertville, Alabama',7,2,106,'B2'),(28,'Gwen Gioia',31,'Executive Recruiter','Philadelphia, Pennsylvania',6,2,201,'B2'),(29,'Angela',27,'Registered Nurse','Kansas City, Missouri',5,2,58,'B2'),(30,'Hayley Crittenden',28,'Retail Manager','Lake Oswego, Oregon',4,2,206,'B2'),(31,'Heather Cranford',30,'Flight Attendant','Dallas, Texas',4,2,208,'B2'),(32,'Christi Weible',23,'Assistant Financial Advisor','Boise, Idaho',3,2,136,'B2'),(33,'Heather',24,'Marriage Therapy Trainee','Walnut Creek, California',3,2,207,'B2'),(34,'Kyla Dickerson',22,'Airline Supervisor','Midvale, Utah',3,2,305,'B2'),(35,'Shannon',26,'Graphic Artist','Long Island, New York',3,2,439,'B2'),(36,'Dana Norris',24,'Radio Sales','Beverly Hills, California',2,2,147,'B2'),(37,'Erin',25,'Publications Quality Control','Westchester, Pennsylvania',2,2,188,'B2'),(38,'Suzanne Freeman',33,'Flight Attendant','Redondo Beach, California',2,2,463,'B2'),(39,'Frances Dinglasan',30,'Strategic Planning Analyst','San Francisco, California',2,2,197,'B2'),(40,'Anindita Dutta',27,'Attorney','New York, New York',2,2,62,'B2'),(41,'Amber West',26,'Psychologist','Chapel Hill, North Carolina',1,2,49,'B2'),(42,'Camille Langfield',29,'Actress','Los Angeles, California',1,2,111,'B2'),(43,'Cari',29,'3rd Grade Teacher','Granite City, Illinois',1,2,113,'B2'),(44,'Christy',24,'Radiological Technologist','Avondale, Arizona',1,2,137,'B2'),(45,'Erin',24,'Interior Designer','Houston, Texas',1,2,189,'B2'),(46,'Fatima Rivas',22,'College Student','Long Beach, California',1,2,196,'B2'),(47,'Liangy Fernandez',30,'Paralegal','Coral Gables, Florida',1,2,334,'B2'),(48,'Lori',26,'Former NBA Cheerleader','Dallas, Texas',1,2,347,'B2'),(49,'Merrilee Donohue',28,'1st Grade Teacher','Forked River, New Jersey',1,2,372,'B2'),(50,'Suzi Reid',28,'Communications Specialist','Richmond, Virginia',1,2,465,'B2'),(51,'Jessica Bowlin',22,'Student','Huntington Beach, California',NULL,5,248,'B5'),(52,'Tara Huckeby',23,'General contractor','Shawnee, Oklahoma',7,5,472,'B5'),(53,'Mandy Jaye Jeffreys',26,'Designer for an architect firm','Midland, Texas',6,5,358,'B5'),(54,'Trish Schneider',28,'Model','Atlanta, Georgia',5,5,492,'B5'),(55,'Suzie Williams',23,'Prosthetic technician','Ann Arbor, Michigan',4,5,464,'B5'),(56,'Karen Lindsay',28,'Pharmaceutical sales','Pleasant Grove, Utah',4,5,273,'B5'),(57,'Jessica Holcomb',25,'Attorney','Pearsall, Texas',3,5,251,'B5'),(58,'Julie Durda',24,'Professional Cheerleader','Sacramento, California',3,5,267,'B5'),(59,'Jenny De Schiralli',26,'Swim instructor/nanny/personal trainer','Carrboro, North Carolina',3,5,246,'B5'),(60,'Katie Gehart',22,'LASIK Eye and Skin Center manager','Scottsdale, Arizona',3,5,279,'B5'),(61,'Jean-Marie Callahan',26,'Hair stylist','Gibson, North Carolina',2,5,238,'B5'),(62,'Debbie Merkett',27,'Massage therapist/bartender','Pinetops, North Carolina',2,5,156,'B5'),(63,'Anne-Catherine Labb',27,'Model/make-up artist','Quebec City, Quebec',2,5,65,'B5'),(64,'Amber LaRoux',27,'Consultant','Sunriver, Oregon',2,5,47,'B5'),(65,'Mandy Clemens',25,'Professional soccer player','San Diego, California',2,5,357,'B5'),(66,'Kristy Romero',25,'Student','Dearborn, Michigan',2,5,303,'B5'),(67,'Celeste Creel',24,'Model/executive assistant','Ithaca, New York',2,5,125,'B5'),(68,'Jenny Matthews',24,'Retail manager','Canton, Michigan',2,5,247,'B5'),(69,'Dolores Farburg',26,'Account manager','Madison, New Jersey',1,5,167,'B5'),(70,'Francine Jones',25,'Retail manager','Houston, Texas',1,5,198,'B5'),(71,'DeShaun Warner',25,'Account manager/sales','Phillipsburg, New Jersey',1,5,160,'B5'),(72,'Jessica Kyron',21,'Student','Cincinnati, Ohio',1,5,254,'B5'),(73,'Holly Reeder',26,'Bank representative','Tulsa, Oklahoma',1,5,215,'B5'),(74,'Rachel Clementi',26,'Fashion public relations manager','Buffalo, New York',1,5,406,'B5'),(75,'Kristin Clearwater',25,'Singer','Sausalito, California',1,5,299,'B5'),(76,'Jennifer Wilson',24,'Teacher','Pembroke Pines, Florida',NULL,9,244,'B9'),(77,'Sadie Murray',23,'Publicist','Carlsbad, California',7,9,427,'B9'),(78,'Lisa Blank',25,'Marketing manager','Portland, Oregon',6,9,341,'B9'),(79,'Agnese Polliza',24,'Student','Venice, Italy',5,9,21,'B9'),(80,'Jeanette Pawula',23,'Teacher','Bloomingdale, Illinois',4,9,237,'B9'),(81,'Desiree Valentin',22,'Realtor','Salt Lake City, Utah',4,9,162,'B9'),(82,'Jami Matzke',27,'Event planner','Galveston, Texas',3,9,232,'B9'),(83,'Gina Clark',28,'Ultrasound technician','Chicago, Illinois',3,9,200,'B9'),(84,'Erica Rose',23,'Socialite','Houston, Texas',3,9,185,'B9'),(85,'Sarah Schnare',30,'Journalist','Nelson, British Columbia',2,9,436,'B9'),(86,'Kim Jackson',27,'Interior designer','Newport Beach, California',2,9,293,'B9'),(87,'Ellen DeMaio',30,'Realtor','New Haven, Connecticut',2,9,175,'B9'),(88,'Tara Durr',24,'Realtor','St. Augustine, Florida',1,9,470,'B9'),(89,'Rosella Fratto',27,'Make-up artist','Chicago, Illinois',1,9,425,'B9'),(90,'Rita Ghazal',29,'Policy advisor','Richmond, VA',1,9,422,'B9'),(91,'Renee Snell',30,'Broadcast marketer','Baltimore, MD',1,9,419,'B9'),(92,'Meri Barr',27,'Attorney','Biloxi, MS',1,9,371,'B9'),(93,'Laura Morgan',29,'Dolphin trainer','San Diego, CA',1,9,314,'B9'),(94,'Jessica Horner',25,'Assistant buyer','Charlotte, NC',1,9,252,'B9'),(95,'Heather Sneed',34,'Registered nurse','Aliquippa, PA',1,9,210,'B9'),(96,'Elyse Hammer',27,'Physician','New York, NY',1,9,177,'B9'),(97,'Cosetta Blanca',NULL,'Dancer','Italy',1,9,143,'B9'),(98,'Claudia Gismondi',22,'Restaurateur','Boca Raton, FL',1,9,140,'B9'),(99,'Carissa Ilburg',25,'Attorney','Cattaraugus, NY',1,9,114,'B9'),(100,'Britt (Bowe) Newton',28,'Beer chemist','Columbus, OH',1,9,97,'B9'),(101,'Andrea Shirley',28,'Hotel concierge','Cincinnati, OH',1,9,56,'B9'),(102,'April Jacobs',23,'Model','Chicago, IL',1,9,68,'B9'),(103,'Tessa Horst',26,'Social Worker','San Francisco, California',NULL,10,478,'B10'),(104,'Bevin Nicole Powers',28,'Assistant','Palo Alto, California',8,10,87,'B10'),(105,'Danielle Imwalle',25,'Graphic Designer','Bethel, Connecticut',7,10,150,'B10'),(106,'Amber Alchalabi',23,'Teacher','Sugar Land, Texas',6,10,43,'B10'),(107,'Stephanie Wilhite',23,'Project Manager','Overland Park, Kansas',5,10,459,'B10'),(108,'Tina Wu',26,'Medical student','Los Angeles, California',5,10,487,'B10'),(109,'Kate Brockhouse',24,'Boutique owner','Ravenel, South Carolina',4,10,275,'B10'),(110,'Nicole Clary',26,'Sales Manager','Charleston, SC',4,10,387,'B10'),(111,'Stephanie Tipper',27,'Organ donor coordinator','Folly Beach, SC',4,10,458,'B10'),(112,'Amanda Hackney',26,'Financial analyst','Dallas, TX',3,10,36,'B10'),(113,'Erin Parker',24,'Financial analyst','Logansport, LA',3,10,193,'B10'),(114,'Peyton Wright',24,'Sorority recruiter','La Vergne, Tennessee',3,10,403,'B10'),(115,'Alexis Young',26,'Attorney','Southlake, TX',2,10,28,'B10'),(116,'Susan Anderson',23,'Boutique manager','The Woodlands, TX',2,10,460,'B10'),(117,'Tiffany Warren',28,'Medical equipment sales rep','Boston, MA',2,10,485,'B10'),(118,'Blakeney Rowe',29,'Radio sales','Birmingham, AL',1,10,90,'B10'),(119,'Candace DeCost',23,'Waitress','Hilton Head Island, SC',1,10,112,'B10'),(120,'Catherine Warren',23,'Former Miss Illinois','Lake Forest, IL',1,10,123,'B10'),(121,'Danielle Vallis',26,'Attorney','Bronx, NY',1,10,154,'B10'),(122,'Jackie Topelli',23,'Executive coordinator','Minneapolis, MN',1,10,223,'B10'),(123,'Jeanette Alvarez',27,'Health care manager','Tampa, FL',1,10,236,'B10'),(124,'Jessica Devallo',32,'Hedge fund analyst','New York, NY',1,10,250,'B10'),(125,'Linda Malek',33,'Attorney','Cuyahoga Falls, OH',1,10,335,'B10'),(126,'Lindsay Smith',22,'Student','Lawrence, KS',1,10,337,'B10'),(127,'Tiffany Forester',27,'Real estate sales/development','St. Louis Park, MN',1,10,484,'B10'),(128,'Deanna Pappas',25,'Realtor','Newnan, Georgia',8,11,155,'B11'),(129,'Jenni Croft',27,'Phoenix Suns Cheerleader','Wichita, Kansas',8,11,241,'B11'),(130,'Bettina Bell',27,'Realtor','Washington, D.C.',7,11,86,'B11'),(131,'Sheena Stewart',23,'Internet marketing executive','Walnut Creek, California',6,11,447,'B11'),(132,'Hillary Reisinger',27,'Registered nurse','Philadelphia, Pennsylvania',5,11,212,'B11'),(133,'Kristy Katzmann',29,'Acupuncturist','Gurnee, Illinois',5,11,302,'B11'),(134,'Estefania \"Stephy\" Kootz',26,'Executive assistant','Atlanta, Georgia',4,11,195,'B11'),(135,'Jade Beazley',24,'Boutique sales worker','Nashville, Tennessee',4,11,227,'B11'),(136,'McCarten Delaney',26,'Account manager','Lemon Grove, California',4,11,363,'B11'),(137,'Lindsey Hawkins',25,'Model','Livonia, Michigan',3,11,339,'B11'),(138,'Sarah Newlon',23,'Bar manager','O\'Fallon, Illinois',3,11,434,'B11'),(139,'Solisa Shoop',25,'Esthetician','Georgetown, Texas',3,11,452,'B11'),(140,'Michele Leavy',30,'Realtor','South Brunswick, New Jersey',2,11,373,'B11'),(141,'Mallory Simons',24,'Nanny','Honolulu, Hawaii',2,11,355,'B11'),(142,'Erin Gardner',25,'Publishing sales executive','Tampa, Florida',2,11,190,'B11'),(143,'Jessica Kiss',27,'News anchor','Lady Lake, Florida',1,11,253,'B11'),(144,'Juli Gilliam',24,'Law student','Chicago, Illinois',1,11,268,'B11'),(145,'Kim Orville',31,'Realtor','Woodbridge, Connecticut',1,11,294,'B11'),(146,'Lori Langley',33,'Biology teacher','Annapolis, Maryland',1,11,348,'B11'),(147,'Melissa Buschel',28,'Event planner','Westchester, New York',1,11,368,'B11'),(148,'Morgan Becker',24,'Graduate student','Tempe, Arizona',1,11,382,'B11'),(149,'Natalie Velasco',25,'Law student','Duncanville, Texas',1,11,385,'B11'),(150,'Regina Doringa',31,'Account representative','San Diego, California',1,11,415,'B11'),(151,'Tauni Nessler ',31,'Emergency room nurse','St. Louis Park, Minnesota',1,11,474,'B11'),(152,'Susan Stein',35,'Project analyst','St. Charles, Illinois',1,11,462,'B11'),(153,'Shayne Lamas',22,'Actress','Malibu, California',NULL,12,446,'B12'),(154,'Chelsea Wanstrath',25,'Pharmaceutical sales rep.','Durango, Colorado',8,12,130,'B12'),(155,'Amanda Rantuccio',27,'Account Executive','Niceville, Florida',7,12,40,'B12'),(156,'Noelle Drake',26,'Photographer','Loveland, Colorado',6,12,395,'B12'),(157,'Marshana Ritchie',27,'Fashion designer','Brooklyn, New York',5,12,362,'B12'),(158,'Robin Canfield',22,'Advertising coordinator','Holland, Michigan',5,12,423,'B12'),(159,'Ashlee Williss',22,'Singer-songwriter','Jacksonville Beach, Florida',4,12,70,'B12'),(160,'Kelly Duncan',25,'Medical sales rep.','Hollywood, California',4,12,282,'B12'),(161,'Holly Durst',24,'Children\'s book author','Suffield, Ohio',4,12,213,'B12'),(162,'Amy',22,'Nanny','Stockton, California',3,12,51,'B12'),(163,'Erin Storm',33,'Hot-dog vendor','Venice, California',3,12,194,'B12'),(164,'Kristine Heffelfinger',33,'Personal trainer','Dillsburg, Pennsylvania',3,12,300,'B12'),(165,'Carri Perrier',25,'Church marketing rep.','Oklahoma City, Oklahoma',2,12,117,'B12'),(166,'Erin Harper',25,'Event planner','Seattle, Washington',2,12,191,'B12'),(167,'Michelle P.',28,'Administrative assistant','Syracuse, New York',2,12,379,'B12'),(168,'Alyssa',24,'Biology student','Boise, Idaho',1,12,34,'B12'),(169,'Amanda Petterman',26,'Law student','LaFollette, Tennessee',1,12,39,'B12'),(170,'Denise',30,'Attorney and former White House aide','Washington, D.C',1,12,159,'B12'),(171,'Devon',24,'Makeup artist','Austin, Texas',1,12,164,'B12'),(172,'Lesley Geyer',23,'Youth minister','Tampa, Florida',1,12,331,'B12'),(173,'Michele R.',33,'Interior designer','Laguna Niguel, California',1,12,374,'B12'),(174,'Rebecca',30,'Attorney','Alamo, California',1,12,412,'B12'),(175,'Stacey Elza',26,'Graduate student','Chicago, Illinois',1,12,453,'B12'),(176,'Tamara',23,'Cocktail waitress','Beverly Hills, California',1,12,468,'B12'),(177,'Tiffany',33,'Real estate marketing rep.','San Francisco, California',1,12,483,'B12'),(178,'Melissa Rycroft',25,'Sales Representative','Dallas, Texas',NULL,13,369,'B13'),(179,'Molly Malaney',24,'Department Store Buyer','Brookfield, Wisconsin',8,13,380,'B13'),(180,'Jillian Harris',29,'Interior Designer','Peace River, Alberta',7,13,259,'B13'),(181,'Naomi Rose Crespo',24,'Flight Attendant','Carlsbad, California',6,13,383,'B13'),(182,'Stephanie Hogan',34,'Single Mother & Medical Marketing Rep.','Huntsville, Alabama',5,13,456,'B13'),(183,'Lauren Wanger',27,'Teacher','Marlboro, New Jersey',4,13,329,'B13'),(184,'Megan Parris',25,'Single Mother and Lacrosse Coach','Sewickley, Pennsylvania',4,13,365,'B13'),(185,'Shannon Bair',29,'Dental Hygienist','Marshall, Missouri',4,13,440,'B13'),(186,'Nicole \"Nikki\" Kaapke',29,'Administrative Assistant','Blue Island, Illinois',4,13,393,'B13'),(187,'Erica DeSimone',25,'Account Executive','Monroe, Connecticut',3,13,184,'B13'),(188,'Kari Fajen',27,'Account Executive','Lee\'s Summit, Missouri',3,13,274,'B13'),(189,'Natalie Getz',27,'Human Resources Recruiter','Morton, Illinois',3,13,384,'B13'),(190,'Raquel Medeiros',27,'Medical Student','Recife, Pernambuco, Brazil',2,13,410,'B13'),(191,'Sharon Staebell',32,'Teacher','Batavia, New York',2,13,443,'B13'),(192,'Lisa Gonzalez',28,'Public Relations Associate','Boise, Idaho',2,13,343,'B13'),(193,'Ann Lueders',24,'Flight Attendant','Phoenix, Arizona',1,13,67,'B13'),(194,'Dominique Carta',26,'Medical Sales Rep.','Mt. Carmel, Pennsylvania',1,13,169,'B13'),(195,'Emily',23,'Casino Marketing Rep.','Seattle, Washington',1,13,179,'B13'),(196,'Jackie Hickey',26,'Wedding Coordinator','Springfield, Massachusetts',1,13,221,'B13'),(197,'Julie Dermotta',26,'Teacher','Columbus, Ohio',1,13,266,'B13'),(198,'Nicole Mah',25,'Menswear Buyer','Calgary, Alberta',1,13,389,'B13'),(199,'Renee Simlak',36,'Jewelry Designer','Southfield, Michigan',1,13,418,'B13'),(200,'Shelby',23,'Account Executive','Stockton, California',1,13,449,'B13'),(201,'Stacia Mann',24,'Single Mother & Charity Accountant','Orem, Utah',1,13,455,'B13'),(202,'Treasure Morgan',28,'Single Mother and Nurse Practitioner','Salt Lake City, Utah',1,13,490,'B13'),(203,'Vienna Girardi',23,'Marketing Representative','Geneva, Florida',NULL,14,499,'B14'),(204,'Tenley Molzahn',25,'College Admissions','Newberg, Oregon',8,14,477,'B14'),(205,'Gia Allemand',26,'Swimsuit Model','New York, New York',7,14,199,'B14'),(206,'Ali Fedotowsky',25,'Advertising Account Manager','Williamstown, Massachusetts',6,14,29,'B14'),(207,'Corrie Adamson',23,'Wardrobe Consultant','Kissimmee, Florida',5,14,142,'B14'),(208,'Ashleigh Hunt',25,'Account Manager','North Potomac, Maryland',4,14,71,'B14'),(209,'Jessie Sulidis',25,'Cosmetic Sales Manager','Oakville, Ontario',4,14,256,'B14'),(210,'Kathryn Sherlock',25,'Corporate Flight Attendant','Lexington, Kentucky',4,14,276,'B14'),(211,'Ella Nolan',30,'Hair Stylist','La Follette, Tennessee',4,14,174,'B14'),(212,'Elizabeth Kitt (NE)',29,'Nanny','Imperial, Nebraska',3,14,172,'B14'),(213,'Valishia Savage',32,'Homemaker','San Bernardino, California',3,14,496,'B14'),(214,'Michelle Kujawa',26,'Office Manager','Anaheim, California',3,14,377,'B14'),(215,'Ashley Elmore',29,'Teacher','Pittsburgh, Pennsylvania',2,14,72,'B14'),(216,'Christina McCasland',25,'Restaurant Manager','San Diego, California',2,14,133,'B14'),(217,'Rozlyn Papa',28,'Model/Make-Up Artist','Richmond, Virginia',2,14,426,'B14'),(218,'Alexa (Lex) McAllister',25,'Entrepreneur','Galloway, Ohio',1,14,23,'B14'),(219,'Caitlyn McCabe',24,'Spokesmodel','Winfield, Illinois',1,14,110,'B14'),(220,'Channy Choch',29,'Mortgage Loan Officer','Santa Rosa, California',1,14,126,'B14'),(221,'Elizabeth Kreft (D.C.)',29,'Captain, Air National Guard','Union, Kentucky',1,14,173,'B14'),(222,'Emily Harkins',23,'Fitness Model','West Chester, Ohio',1,14,181,'B14'),(223,'Kimberly Sullivan',24,'NBA Dancer','Norman, Oklahoma',1,14,292,'B14'),(224,'Kirsten Pittman',25,'Waitress','Aurora, Colorado',1,14,296,'B14'),(225,'Sheila Marie Lidner',25,'Commercial Pilot','Scottsdale, Arizona',1,14,448,'B14'),(226,'Stephanie Mueller',24,'Dance Teacher','Morris, Illinois',1,14,457,'B14'),(227,'Tiana Kruzel',31,'Medical Technician','Calgary, Alberta',1,14,480,'B14'),(228,'Emily Maynard',25,'Children\'s Hospital Event Planner','Morgantown, West Virginia',NULL,15,182,'B15'),(229,'Chantal O\'Brien',28,'Executive Assistant','Mercer Island, Washington',10,15,127,'B15'),(230,'Ashley Hebert',26,'Dental Student','Madawaska, Maine',9,15,74,'B15'),(231,'Shawntel Newton',25,'Funeral Director','Chico, California',8,15,445,'B15'),(232,'Michelle Money',30,'Hair stylist','Salt Lake City, Utah',7,15,378,'B15'),(233,'Britt Billmaier',25,'Food writer','Woodinville, Washington',7,15,102,'B15'),(234,'Jackie Gordon',26,'Artist','Newport, Rhode Island',6,15,220,'B15'),(235,'Alli Travis',24,'Apparel merchant','Columbus, Ohio',6,15,33,'B15'),(236,'Lisa Morrisey',24,'Marketing Coordinator','Ottawa, Kansas',5,15,344,'B15'),(237,'Marissa May',26,'Sports Publicist','Mesa, Arizona',5,15,361,'B15'),(238,'Ashley Spivey',26,'Nanny','Ellerbe, North Carolina',5,15,80,'B15'),(239,'Lindsay Hill',25,'First grade teacher','Plano, Texas',4,15,336,'B15'),(240,'Meghan Merritt',30,'Fashion Marketer','Princeton, New Jersey',4,15,366,'B15'),(241,'Stacey Quirpel',26,'Bartender','Quincy, Massachusetts',4,15,454,'B15'),(242,'Kimberly Coon',27,'Marketing Coordinator','Orlando, Florida',3,15,290,'B15'),(243,'Sarah Powell',27,'Real Estate Broker','Denver, Colorado',3,15,435,'B15'),(244,'Madison Garton',25,'Model','Vail, Colorado',3,15,352,'B15'),(245,'Keltie Colleen',28,'Radio City Rockette','Sherwood Park, Alberta',2,15,286,'B15'),(246,'Melissa Schreiber',32,'Waitress','Westport, Connecticut',2,15,370,'B15'),(247,'Raichel Goodyear',29,'Manscaper','Fullerton, California',2,15,409,'B15'),(248,'Britnee',25,'Paralegal','Holland, Pennsylvania',1,15,96,'B15'),(249,'Cristy Caserta',30,'Attorney','Davie, Florida',1,15,146,'B15'),(250,'Jessica \"J\" Adams',26,'Operations Manager','Seattle, Washington',1,15,226,'B15'),(251,'Jill Ruskowski',28,'Sales director','Frisco, Texas',1,15,260,'B15'),(252,'Lacey Garbelman',27,'Insurance agent','Tampa, Florida',1,15,309,'B15'),(253,'Lauren Moore',26,'High School Teacher','Culpeper, Virginia',1,15,325,'B15'),(254,'Lisa P.',27,'Sales Consultant','Dix Hills, New York',1,15,345,'B15'),(255,'Rebecca',30,'Esthetician','Mission Viejo, California',1,15,413,'B15'),(256,'Renee Halpin',28,'Nanny','Palos Hills, Illinois',1,15,416,'B15'),(257,'Sarah Ledtke',25,'Musical Theatre Performer','Saginaw, Michigan',1,15,433,'B15'),(258,'Courtney Robertson',28,'Model','Scottsdale, Arizona',NULL,16,145,'B16'),(259,'Lindzi Cox',27,'Business development manager','Newcastle, Washington',10,16,340,'B16'),(260,'Nicki Sterling',26,'Dental hygienist','Hurst, Texas',9,16,386,'B16'),(261,'Kacie Boguskie',24,'Administrative assistant','Clarksville, Tennessee',8,16,269,'B16'),(262,'Emily O\'Brien',27,'PhD Student','Chapel Hill, North Carolina',7,16,183,'B16'),(263,'Rachel Truehart',27,'Fashion sales representative','Southampton, Massachusetts',7,16,408,'B16'),(264,'Jamie Otis',25,'Registered nurse','Dryden, New York',6,16,230,'B16'),(265,'Casey Shteamer',26,'Trading clerk','Leawood, Kansas',6,16,118,'B16'),(266,'Blakeley Jones',33,'VIP cocktail waitress','Rutherfordton, North Carolina',6,16,89,'B16'),(267,'Jennifer Fritsch',28,'Accountant','Cache, Oklahoma',5,16,242,'B16'),(268,'Elyse Myers',24,'Personal trainer','Chicago, Illinois',5,16,178,'B16'),(269,'Monica Spannbauer',33,'Dental consultant','Yuba, California',4,16,381,'B16'),(270,'Samantha Levey',26,'Advertising account manager','Pittsburgh, Pennsylvania',4,16,428,'B16'),(271,'Erika Uhlig',23,'Law student','Charlottesville, Virginia',3,16,187,'B16'),(272,'Jaclyn Swartz',27,'Advertising account manager','Newton, Massachusetts',3,16,224,'B16'),(273,'Brittney Schreiner',26,'Medical sales representative','Colorado Springs, Colorado',3,16,103,'B16'),(274,'Jenna Burke',27,'Blogger','Loveland, Ohio',2,16,239,'B16'),(275,'Shawn Reynolds',28,'Financial advisor','Cincinnati, Ohio',2,16,444,'B16'),(276,'Amber Bacon',23,'Labor and delivery nurse','Port Coquitlam, British Columbia',1,16,44,'B16'),(277,'Amber Tierney',28,'Critical care nurse','Waverly, Nebraska',1,16,48,'B16'),(278,'Anna Snowball',25,'Student','Detroit, Michigan',1,16,64,'B16'),(279,'Dianna Martinez',30,'Nonprofit director','San Gabriel, California',1,16,166,'B16'),(280,'Holly Johnson',34,'Pharmaceutical sales representative','Salyersville, Kentucky',1,16,214,'B16'),(281,'Lyndsie James',29,'Internet entrepreneur','London, England',1,16,350,'B16'),(282,'Shira Astrof',35,'Actress','Massapequa Park, New York',1,16,450,'B16'),(283,'Catherine Giudici',26,'Graphic Designer','Seattle, Washington',NULL,17,122,'B17'),(284,'Lindsay Yenter',24,'Substitute Teacher','Fort Bragg, North Carolina',10,17,338,'B17'),(285,'AshLee Frazier',32,'Personal Organizer','Houston, Texas',9,17,69,'B17'),(286,'Desiree Hartsock',26,'Bridal Stylist','Northglenn, Colorado',8,17,161,'B17'),(287,'Lesley Murphy',24,'Political Consultant','Fort Smith, Arkansas',7,17,332,'B17'),(288,'Tierra LiCausi',24,'Leasing Consultant','Las Vegas, Nevada',7,17,482,'B17'),(289,'Daniella McBride',24,'Commercial Casting Associate','Belmont, California',6,17,149,'B17'),(290,'Selma Alameri',29,'Real Estate Dealer','Borrego Springs, California',6,17,438,'B17'),(291,'Sarah Herron',26,'Advertising Executive','Evergreen, Colorado',6,17,432,'B17'),(292,'Robyn Howard',24,'Oil Field Account Manager','Topeka, Kansas',5,17,424,'B17'),(293,'Jackie Parr',25,'Cosmetics Consultant','Ormond Beach, Florida',5,17,222,'B17'),(294,'Amanda Meyer',26,'Fit Model','Bakersfield, California',4,17,38,'B17'),(295,'Leslie Hughes',28,'Poker Dealer','Ruskin, Florida',4,17,333,'B17'),(296,'Kristy Kaminski',25,'Model','Darien, Wisconsin',3,17,301,'B17'),(297,'Taryn Renee Daniels',30,'Health Club Manager','Troutdale, Oregon',3,17,473,'B17'),(298,'Kacie Boguskie',25,'Administrative Assistant','Clarksville, Tennessee',3,17,270,'B17'),(299,'Brooke Burchette',25,'Community Organizer','Pittsburgh, Pennsylvania',2,17,105,'B17'),(300,'Diana Weeks Willardson',31,'Salon Owner','Sandy, Utah',2,17,165,'B17'),(301,'Katie Levans',27,'Yoga Instructor','Woodstock, Illinois',2,17,280,'B17'),(302,'Ashley Harper',25,'Fashion Model','Garner, North Carolina',1,17,73,'B17'),(303,'Ashley Palenkas',28,'Hair Stylist','Macomb, Michigan',1,17,77,'B17'),(304,'Kelly Dutton',28,'Cruise Ship Entertainer','Chattanooga, Tennessee',1,17,283,'B17'),(305,'Keriann Miranda',29,'Entrepreneur','Agoura Hills, California',1,17,288,'B17'),(306,'Lacey Latka',24,'Graduate Student','Stevenson Ranch, California',1,17,310,'B17'),(307,'Lauren Marchetti',27,'Journalist','Cranston, Rhode Island',1,17,324,'B17'),(308,'Paige Vigil',25,'Jumbotron Operator','Minnetonka, Minnesota',1,17,401,'B17'),(309,'Nikki Ferrell',26,'Pediatric Nurse','Kearney, Missouri',NULL,18,392,'B18'),(310,'Clare Crawley',32,'Hairstylist','Sacramento, California',10,18,139,'B18'),(311,'Andi Dorfman',26,'Assistant District Attorney','Buckhead, Georgia',9,18,55,'B18'),(312,'Renee Oteri',32,'Real Estate Agent','Martha\'s Vineyard, Massachusetts',8,18,417,'B18'),(313,'Chelsie Webster',24,'Science Educator','Lexington, Ohio',7,18,131,'B18'),(314,'Sharleen Joynt',29,'Opera Singer','Ottawa, Ontario',7,18,442,'B18'),(315,'Kat Hurd',29,'Medical Sales Representative/NBA Dancer','Iowa City, Iowa',6,18,277,'B18'),(316,'Cassandra Ferguson',22,'Former NBA Dancer','Shelby Charter Township, Michigan',6,18,119,'B18'),(317,'Alli Restko',26,'Nanny','Orland Park, Illinois',5,18,32,'B18'),(318,'Danielle Ronco',25,'Psychiatric Nurse','Litchfield, Illinois',5,18,153,'B18'),(319,'Kelly Travis',27,'Dog Lover','Conyers, Georgia',5,18,284,'B18'),(320,'Elise Mosca',27,'First Grade Teacher','Forty Fort, Pennsylvania',4,18,170,'B18'),(321,'Lauren Solomon',26,'Music Composer','Austin, Texas',4,18,328,'B18'),(322,'Christy Hansen',24,'Marketing Manager','Aurora, Illinois',3,18,138,'B18'),(323,'Lucinda \"Lucy\" Aragon',25,'Free Spirit','Santa Barbara, California',3,18,349,'B18'),(324,'Amy Long',27,'Local News Reporter','Clermont, Florida',2,18,54,'B18'),(325,'Chantel Forrest',27,'Account Manager','Miami, Florida',2,18,128,'B18'),(326,'Victoria Lima',24,'Legal Assistant','Porto Alegre, Brazil',2,18,498,'B18'),(327,'Alexis Morgado',24,'Communications Director/NHL Ice Girl','Tampa, Florida',1,18,27,'B18'),(328,'Amy Jokinen',31,'Massage Therapist','Apopka, Florida',1,18,53,'B18'),(329,'Ashley Poe',25,'Grade School Teacher','Roanoke, Texas',1,18,78,'B18'),(330,'Christine Llano',23,'Police Support Specialist','Miami, Florida',1,18,135,'B18'),(331,'Kylie Lewis',23,'Interior Designer','Rockford, Illinois',1,18,306,'B18'),(332,'Lacy Faddoul',25,'Nursing Home Owner','Antelope Acres, California',1,18,311,'B18'),(333,'Lauren Higginson',25,'Mineral Coordinator','Edmond, Oklahoma',1,18,321,'B18'),(334,'Maggie Gantt',25,'Personal Banker','Wagener, South Carolina',1,18,354,'B18'),(335,'Valerie Eredia',26,'Personal Trainer','Sutter, California',1,18,495,'B18'),(336,'Whitney Bischoff',29,'Fertility Nurse','Louisville, Kentucky',NULL,19,502,'B19'),(337,'Becca Tilley',25,'Chiropractic Assistant','Shreveport, Louisiana',10,19,83,'B19'),(338,'Kaitlyn Bristowe',29,'Dance Instructor','Leduc, Alberta',9,19,271,'B19'),(339,'Jade Roper',28,'Cosmetics Developer','Gering, Nebraska',8,19,228,'B19'),(340,'Carly Waddell',29,'Cruise Ship Singer','Arlington, Texas',7,19,115,'B19'),(341,'Britt Nilsson',27,'Waitress','Wolcott Mills, Michigan',7,19,104,'B19'),(342,'Megan Bell',24,'Make-Up Artist','Nashville, Tennessee',6,19,364,'B19'),(343,'Kelsey Poe',28,'Guidance Counselor','Hudsonville, Michigan',6,19,285,'B19'),(344,'Ashley Iaconetti',26,'Nanny/Freelance Journalist','Great Falls, Virginia',6,19,75,'B19'),(345,'Mackenzie Deonigi',21,'Dental Assistant','Maple Valley, Washington',5,19,351,'B19'),(346,'Samantha Steffen',27,'Fashion Designer','Indianapolis, Indiana',5,19,430,'B19'),(347,'Ashley Salter',24,'Hair Stylist','Vinings, Georgia',4,19,79,'B19'),(348,'Juelia Kinney',30,'Esthetician','Beaverton, Oregon',4,19,265,'B19'),(349,'Nikki Delventhal',26,'Former NFL Cheerleader','Hasbrouck Heights, New Jersey',4,19,391,'B19'),(350,'Jillian Anderson',25,'News Producer','Howland, Ohio',4,19,258,'B19'),(351,'Amber James',29,'Bartender','Kankakee, Illinois',3,19,45,'B19'),(352,'Tracy Darakis',29,'Fourth Grade Teacher','Wellington, Florida',3,19,488,'B19'),(353,'Trina Scherenberg',33,'Special Education Teacher','Algonquin, Illinois',3,19,491,'B19'),(354,'Alissa Giambrone',24,'Flight Attendant','Hamilton, New Jersey',2,19,31,'B19'),(355,'Jordan Branch',24,'Student','Windsor, Colorado',2,19,262,'B19'),(356,'Kimberly Sherbach',28,'Yoga Instructor','Wantagh, New York',2,19,291,'B19'),(357,'Tandra Steiner',30,'Executive Assistant','Sandy, Utah',2,19,469,'B19'),(358,'Tara Eddings',26,'Sport Fishing Enthusiast','Fort Lauderdale, Florida',2,19,471,'B19'),(359,'Amanda Goerlitz',24,'Ballet Teacher','Lake in the Hills, Illinois',1,19,35,'B19'),(360,'Bo Stanley',25,'Plus-Size Model','Carpinteria, California',1,19,91,'B19'),(361,'Brittany Fetkin',26,'WWE Diva-in-Training','Temecula, California',1,19,100,'B19'),(362,'Kara Wilson',25,'High School Soccer Coach','Brownsville, Kentucky',1,19,272,'B19'),(363,'Michelle Davis',25,'Wedding Cake Baker','Provo, Utah',1,19,376,'B19'),(364,'Nicole Meacham',31,'Real Estate Agent','Scottsdale, Arizona',1,19,390,'B19'),(365,'Reegan Cornwell',28,'Cadaver Tissue Saleswoman','Manhattan Beach, California',1,19,414,'B19'),(366,'Lauren Bushnell',25,'Flight Attendant','West Linn, Oregon',NULL,20,319,'B20'),(367,'Joelle \"JoJo\" Fletcher',24,'Real Estate Developer','Dallas, Texas',10,20,261,'B20'),(368,'Caila Quinn',24,'Software Sales Representative','Hudson, Ohio',9,20,108,'B20'),(369,'Amanda Stanton',25,'Esthetician','Rancho Santa Margarita, California',8,20,41,'B20'),(370,'Becca Tilley',26,'Chiropractic Assistant','Shreveport, Louisiana',7,20,84,'B20'),(371,'Emily Ferguson',23,'Waitress','Las Vegas, Nevada',7,20,180,'B20'),(372,'Lauren Himle',25,'Kindergarten Teacher','Dexter, Michigan',6,20,322,'B20'),(373,'Olivia Caridi',23,'Former News Anchor','Bristol, Virginia',6,20,398,'B20'),(374,'Leah Block',25,'Event Planner','Greenwood Village, Colorado',6,20,330,'B20'),(375,'Jennifer Saviano',25,'Small Business Owner','Lauderdale Lakes, Florida',5,20,243,'B20'),(376,'Jubilee Sharpe',24,'War Veteran','Fort Lauderdale, Florida',5,20,264,'B20'),(377,'Amber James',30,'Bartender','Kankakee, Illinois',4,20,46,'B20'),(378,'Rachel Tchen',23,'Unemployed','Little Rock, Arkansas',4,20,407,'B20'),(379,'Haley Ferguson',23,'Waitress','Las Vegas, Nevada',4,20,203,'B20'),(380,'Jami Letain',23,'Bartender','St. Albert, Alberta',3,20,231,'B20'),(381,'Shushanna Mkrtychyan',27,'Mathematician','Salt Lake City, Utah',3,20,451,'B20'),(382,'Lace Morris',25,'Real Estate Agent','Denver, Colorado',3,20,307,'B20'),(383,'Amanda \"Mandi\" Kremer',28,'Dentist','Portland, Oregon',2,20,356,'B20'),(384,'Jacqueline \"Jackie\" Dion',23,'Gerontologist','Newport Beach, California',2,20,219,'B20'),(385,'Samantha Passmore',26,'Attorney','New Smyrna Beach, Florida',2,20,429,'B20'),(386,'Lauren \"LB\" Barr',23,'Fashion Buyer','Stillwater, Oklahoma',2,20,317,'B20'),(387,'Breanne Rice',30,'Nutritional Therapist','Seattle, Washington',1,20,92,'B20'),(388,'Isabel \"Izzy\" Goodkind',24,'Graphic Designer','Branford, Connecticut',1,20,217,'B20'),(389,'Jessica Moser',23,'Accountant','Boca Raton, Florida',1,20,255,'B20'),(390,'Laura Esselman',24,'Account Executive','Louisville, Kentucky',1,20,313,'B20'),(391,'Lauren Russell',26,'Math Teacher','Houston, Texas',1,20,326,'B20'),(392,'Maegan Miller',30,'Cowgirl','Visalia, California',1,20,353,'B20'),(393,'Tiara Soleim',27,'Chicken Enthusiast','Redmond, Washington',1,20,481,'B20'),(394,'Alexis',23,'Aspiring Dolphin Trainer','Secaucus, NJ',5,21,26,'B21'),(395,'Angela',26,'Model','Greenville, SC',1,21,59,'B21'),(396,'Astrid',26,'Plastic Surgery Office Manager','Tampa, FL',4,21,81,'B21'),(397,'Briana',28,'Surgical Unit Nurse','Salt Lake City, UT',1,21,93,'B21'),(398,'Brittany',26,'Travel Nurse','Santa Monica, CA',3,21,99,'B21'),(399,'Christen',25,'Wedding Videographer','Tulsa, OK',3,21,132,'B21'),(400,'Corinne',24,'Business Owner','Miami, FL',8,21,141,'B21'),(401,'Danielle L.',27,'Small Business Owner','Los Angeles, CA',6,21,151,'B21'),(402,'Danielle M.',31,'Neonatal Nurse','Nashville, TN',7,21,152,'B21'),(403,'Dominique',25,'Restaurant Server','Los Angeles, CA',3,21,168,'B21'),(404,'Liz',29,'Doula','Las Vegas, NV',2,21,346,'B21'),(405,'Elizabeth',24,'Marketing Manager','Dallas, TX',2,21,171,'B21'),(406,'Hailey',23,'Photographer','Vancouver, British Columbia, Canada',2,21,202,'B21'),(407,'Ida Marie',23,'Sales Manager','Harlingen, TX',1,21,216,'B21'),(408,'Jaimi',28,'Chef','New Orleans, LA',5,21,229,'B21'),(409,'Jasmine B.',25,'Flight Attendant','Tacoma, WA',1,21,234,'B21'),(410,'Jasmine G.',29,'Pro Basketball Dancer','San Francisco, CA',6,21,235,'B21'),(411,'Josephine',24,'Registered Nurse','Santa Cruz, CA',5,21,263,'B21'),(412,'Kristina',24,'Dental Hygienist','Lexington, KY',7,21,297,'B21'),(413,'Lacey',25,'Digital Marketing Manager','Manhattan, NY',2,21,308,'B21'),(414,'Lauren',30,'Law School Graduate','Naples, FL',1,21,316,'B21'),(415,'Michelle',24,'Food Truck Owner','Los Angeles, CA',1,21,375,'B21'),(416,'Olivia',25,'Apparel Sales Representative','Anchorage, AK',1,21,397,'B21'),(417,'Rachel',31,'Attorney','Dallas, TX',9,21,405,'B21'),(418,'Raven',25,'Fashion Boutique Owner','Hoxie, AR',10,21,411,'B21'),(419,'Sarah',26,'Grade School Teacher','Newport Beach, CA',4,21,431,'B21'),(420,'Susannah',26,'Account Manager','San Diego, CA',1,21,461,'B21'),(421,'Taylor',23,'Mental Health Counselor','Seattle, WA',5,21,475,'B21'),(422,'Vanessa',29,'Special Education Teacher','Montreal, Quebec, Canada',NULL,21,497,'B21'),(423,'Whitney',25,'Pilates Instructor','Chanhassen, MN',6,21,501,'B21'),(424,'Alison \"Ali\" Harrington',27,'Personal Stylist','Lawton, Oklahoma',1,22,30,'B22'),(425,'Amber Wilkerson',29,'Business Owner','Denver, Colorado',1,22,50,'B22'),(426,'Annaliese Puccini',32,'Event Designer','San Mateo, California',3,22,63,'B22'),(427,'Ashley Luebke',25,'Real Estate Agent','West Palm Beach, Florida',5,22,76,'B22'),(428,'Bibiana Julian',30,'Executive Assistant','Miami, Florida',3,22,88,'B22'),(429,'Brianna \"Bri\" Amaranthus',25,'Sports Reporter','Grants Pass, Oregon',1,22,94,'B22'),(430,'Brittane Johnson',27,'Marketing Manager','San Diego, California',1,22,98,'B22'),(431,'Brittany Taylor',30,'Tech Recruiter','Belton, South Carolina',4,22,101,'B22'),(432,'Caroline Lunny',26,'Realtor','Holliston, Massachusetts',4,22,116,'B22'),(433,'Chelsea Roy',29,'Real Estate Executive Assistant','South Portland, Maine',6,22,129,'B22'),(434,'D\'Nysha \"Nysha\" Norris',30,'Orthopedic Nurse','Anderson, South Carolina',1,22,396,'B22'),(435,'Jacqueline Trumbull',26,'Research Coordinator','Morgantown, West Virginia',7,22,225,'B22'),(436,'Jenna Cooper',28,'Social Media Manager','Raleigh, North Carolina',6,22,240,'B22'),(437,'Jennifer \"Jenny\" Delaney',25,'Graphic Designer','Northbrook, Illinois',2,22,245,'B22'),(438,'Jessica Carroll',26,'Television Host','Calgary, Alberta,Canada',1,22,249,'B22'),(439,'Kendall Long',26,'Creative Director','Santa Clarita, California',9,22,287,'B22'),(440,'Krystal Nielson',30,'Fitness Coach','Missoula, Montana',6,22,304,'B22'),(441,'Lauren Burnham',25,'Technology Salesperson','Virginia Beach, Virginia',10,22,318,'B22'),(442,'Lauren Griffin',26,'Executive Recruiter','Indianapolis, Indiana',2,22,320,'B22'),(443,'Lauren Jarreau',33,'Recent Master\'s Graduate','New Roads, Louisiana',1,22,323,'B22'),(444,'Lauren Schleyer',31,'Social Media Manager','Dallas, Texas',3,22,327,'B22'),(445,'Maquel Cooper',23,'Photographer','American Fork, Utah',5,22,359,'B22'),(446,'Marikh Mathias',27,'Restaurant Owner','Salt Lake City, Utah',5,22,360,'B22'),(447,'Olivia Goethals',23,'Marketing Associate','Geneseo, Illinois',1,22,399,'B22'),(448,'Rebecca \"Becca\" Kufrin',27,'Publicist','Prior Lake, Minnesota',NULL,22,82,'B22'),(449,'Rebekah \"Bekah\" Martinez',22,'Nanny','Fresno, California',7,22,85,'B22'),(450,'Seinne Fleming',27,'Commercial Real Estate Agent','Long Beach, California',7,22,437,'B22'),(451,'Tia Booth',26,'Physical Therapist','Weiner, Arkansas',8,22,479,'B22'),(452,'Valerie Biles',26,'Server','Nashville, Tennessee',2,22,494,'B22'),(453,'Alex Dillon',23,'Account Manager','Boston, Massachusetts',1,23,25,'B23'),(454,'Devin Gooden',23,'Broadcast Journalist','Atlanta, Georgia',1,23,163,'B23'),(455,'Erin Landry',28,'Human Resources Manager','Plano, Texas',1,23,192,'B23'),(456,'Adrianne \"Jane\" Averbukh',26,'Social Worker','West Hollywood, California',1,23,233,'B23'),(457,'Laura Pellerito',26,'Accountant','Dallas, Texas',1,23,315,'B23'),(458,'Revian Chang',24,'Nurse','Austin, Texas',1,23,420,'B23'),(459,'Tahzjuan Hawkins',25,'Business Development Associate','Castle Pines, Colorado',1,23,467,'B23'),(460,'Alex Blumberg',29,'Dog Rescuer','Vancouver, British Columbia',2,23,24,'B23'),(461,'Angelique Sherman',28,'Marketing Salesperson','Hamilton, New Jersey',2,23,61,'B23'),(462,'Annie Reardon',23,'Financial Associate','Mequon, Wisconsin',2,23,66,'B23'),(463,'Erika McNutt',25,'Recruiter','Encinitas, California',2,23,186,'B23'),(464,'Brianna \"Bri\" Barnes',24,'Model','Los Angeles, California',3,23,95,'B23'),(465,'Catherine Agro',26,'DJ','Fort Lauderdale, Florida',3,23,121,'B23'),(466,'Nina Bartula',30,'Sales Account Manager','Raleigh, North Carolina',3,23,394,'B23'),(467,'Caitlin Clemmens',25,'Realtor','Toronto, Ontario',3,23,109,'B23'),(468,'Courtney Curtis',23,'Caterer','McDonough, Georgia',4,23,144,'B23'),(469,'Tracy Shapoff',31,'Wardrobe Stylist','Rochester, New York',4,23,489,'B23'),(470,'Nicole Lopez-Alvar',25,'Social Media Coordinator','Miami, Florida',5,23,388,'B23'),(471,'Onyeka Ehie',24,'IT Risk Consultant','Manhattan, Kansas',5,23,400,'B23'),(472,'Elyse Dehlbom',31,'Makeup Artist','Soldotna, Alaska',5,23,176,'B23'),(473,'Sydney Lotuaco',27,'NBA Dancer','Virginia Beach, Virginia',6,23,466,'B23'),(474,'Katie Morton',26,'Medical Sales Representative','Oviedo, Florida',6,23,281,'B23'),(475,'Demi Burnett',23,'Interior Designer','Red Oak, Texas',6,23,157,'B23'),(476,'Kirpa Sudick',26,'Dental Hygienist','Whittier, California',7,23,295,'B23'),(477,'Heather Martin',23,'Assistant Program Manager','Carlsbad, California',7,23,209,'B23'),(478,'Hannah Brown',24,'Miss Alabama USA 2018','Northport, Alabama',7,23,204,'B23'),(479,'Caelynn Miller-Keyes',23,'Miss North Carolina USA 2018','Asheville, North Carolina',8,23,107,'B23'),(480,'Hannah Godwin',23,'Content Creator','Birmingham, Alabama',9,23,205,'B23'),(481,'Tayshia Adams',28,'Phlebotomist','Corona Del Mar, California',9,23,476,'B23'),(482,'Cassie Randolph',23,'Speech Pathologist','Huntington Beach, California',NULL,23,120,'B23'),(485,'1',1,'1','1',1,1,1,'B1'),(490,'22',2,'2','2',2,2,1,'B2');
/*!40000 ALTER TABLE `contestant_` ENABLE KEYS */;
UNLOCK TABLES;

--
-- Table structure for table `user_`
--

DROP TABLE IF EXISTS `user_`;
/*!40101 SET @saved_cs_client     = @@character_set_client */;
 SET character_set_client = utf8mb4 ;
CREATE TABLE `user_` (
  `user_id` int(11) NOT NULL AUTO_INCREMENT,
  `user_name` varchar(100) CHARACTER SET utf8 COLLATE utf8_unicode_ci DEFAULT NULL,
  `user_userName` varchar(100) CHARACTER SET utf8 COLLATE utf8_unicode_ci DEFAULT NULL,
  `user_password` varchar(100) CHARACTER SET utf8 COLLATE utf8_unicode_ci DEFAULT NULL,
  `user_isAdmin` tinyint(4) DEFAULT NULL,
  `user_isBachelor` tinyint(4) DEFAULT NULL,
  `user_isContestant` tinyint(4) DEFAULT NULL,
  PRIMARY KEY (`user_id`)
) ENGINE=InnoDB AUTO_INCREMENT=518 DEFAULT CHARSET=utf8;
/*!40101 SET character_set_client = @saved_cs_client */;

--
-- Dumping data for table `user_`
--

LOCK TABLES `user_` WRITE;
/*!40000 ALTER TABLE `user_` DISABLE KEYS */;
INSERT INTO `user_` (`user_id`, `user_name`, `user_userName`, `user_password`, `user_isAdmin`, `user_isBachelor`, `user_isContestant`) VALUES (1,'admin','admin','password',1,0,0),(2,'Chris Harrison','Charrison','OGHost1',0,1,0),(3,'Alex Michel','AxMichel1','PlannerAmanda23',0,1,0),(4,'Aaron Buerge','AABuerge2','PsychologistHelene27',0,1,0),(5,'Jesse Palmer','JessePalmer5','StudentJessica22',0,1,0),(6,'Prince Lorenzo Borghese','PLZBorghese9','TeacherJennifer24',0,1,0),(7,'Andy Baldwin','AyBaldwin10','SocialworkerTessa26',0,1,0),(8,'Stephen Bradley Womack','BWomack11','NoWinner1',0,1,0),(9,'Matt Grant','MttGrant12','ActressShayne22',0,1,0),(10,'Jason Mesnick','JasonMesnick13','SalesMelissa25',0,1,0),(11,'Jake Pavelka','JKPavelka14','MarketingVienna23',0,1,0),(12,'Stephen Bradley Womack','BWomack15','PlannerEmily25',0,1,0),(13,'Ben Flajnik','BFlajnik16','ModelCourtney28',0,1,0),(14,'Sean Lowe','SNLowe17','GraphicdesignerCatherine26',0,1,0),(15,'Juan Pablo Galavis','JPGalavis18','NurseNikki26',0,1,0),(16,'Chris Soules','CSoules19','NurseWhitney29',0,1,0),(17,'Ben Higgins','BHiggins20','FlightattendantLauren25',0,1,0),(18,'Nick Viall','NViall21','TeacherVanessa29',0,1,0),(19,'Arie Luyendyk Jr.','ArieLuyendyk22','PublicistRebecca27',0,1,0),(20,'Colton Underwood','CUnderwood23','StudentCassie23',0,1,0),(21,'Agnese Polliza','AgnesePolliza','Venic24',0,0,1),(22,'Alexa','Alexa','Bever27',0,0,1),(23,'Alexa (Lex) McAllister','AlexaMcAllister','Gallo25',0,0,1),(24,'Alex Blumberg','AlexBlumberg','Vanco29',0,0,1),(25,'Alex Dillon','AlexDillon','Bosto23',0,0,1),(26,'Alexis','Alexis','Secau23',0,0,1),(27,'Alexis Morgado','AlexisMorgado','Tampa24',0,0,1),(28,'Alexis Young','AlexisYoung','South26',0,0,1),(29,'Ali Fedotowsky','AliFedotowsky','Willi25',0,0,1),(30,'Alison \"Ali\" Harrington','AlisonHarrington','Lawto27',0,0,1),(31,'Alissa Giambrone','AlissaGiambrone','Hamil24',0,0,1),(32,'Alli Restko','AlliRestko','Orlan26',0,0,1),(33,'Alli Travis','AlliTravis','Colum24',0,0,1),(34,'Alyssa','Alyssa','Boise24',0,0,1),(35,'Amanda Goerlitz','AmandaGoerlitz','Lake24',0,0,1),(36,'Amanda Hackney','AmandaHackney','Dalla26',0,0,1),(37,'Amanda Marsh','AmandaMarsh','Chanu23',0,0,1),(38,'Amanda Meyer','AmandaMeyer','Baker26',0,0,1),(39,'Amanda Petterman','AmandaPetterman','LaFol26',0,0,1),(40,'Amanda Rantuccio','AmandaRantuccio','Nicev27',0,0,1),(41,'Amanda Stanton','AmandaStanton','Ranch25',0,0,1),(42,'Amber','Amber','LosA29',0,0,1),(43,'Amber Alchalabi','AmberAlchalabi','Sugar23',0,0,1),(44,'Amber Bacon','AmberBacon','Port23',0,0,1),(45,'Amber James','AmberJames19','Kanka29',0,0,1),(46,'Amber James','AmberJames20','Kanka30',0,0,1),(47,'Amber LaRoux','AmberLaRoux','Sunri27',0,0,1),(48,'Amber Tierney','AmberTierney','Waver28',0,0,1),(49,'Amber West','AmberWest','Chape26',0,0,1),(50,'Amber Wilkerson','AmberWilkerson','Denve29',0,0,1),(51,'Amy','Amy','Stock22',0,0,1),(52,'Amy Anzel','AmyAnzel','NewY28',0,0,1),(53,'Amy Jokinen','AmyJokinen','Apopk31',0,0,1),(54,'Amy Long','AmyLong','Clerm27',0,0,1),(55,'Andi Dorfman','AndiDorfman','Buckh26',0,0,1),(56,'Andrea Shirley','AndreaShirley','Cinci28',0,0,1),(57,'Angela','Angela1','Avond25',0,0,1),(58,'Angela','Angela2','Kansa27',0,0,1),(59,'Angela','Angela21','Green26',0,0,1),(60,'Angelique Madrid','AngeliqueMadrid','Burba27',0,0,1),(61,'Angelique Sherman','AngeliqueSherman','Hamil28',0,0,1),(62,'Anindita Dutta','AninditaDutta','NewY27',0,0,1),(63,'Annaliese Puccini','AnnaliesePuccini','SanM32',0,0,1),(64,'Anna Snowball','AnnaSnowball','Detro25',0,0,1),(65,'Anne-Catherine Labb','Anne-CatherineLabb','Quebe27',0,0,1),(66,'Annie Reardon','AnnieReardon','Mequo23',0,0,1),(67,'Ann Lueders','AnnLueders','Phoen24',0,0,1),(68,'April Jacobs','AprilJacobs','Chica23',0,0,1),(69,'AshLee Frazier','AshLeeFrazier','Houst32',0,0,1),(70,'Ashlee Williss','AshleeWilliss','Jacks22',0,0,1),(71,'Ashleigh Hunt','AshleighHunt','North25',0,0,1),(72,'Ashley Elmore','AshleyElmore','Pitts29',0,0,1),(73,'Ashley Harper','AshleyHarper','Garne25',0,0,1),(74,'Ashley Hebert','AshleyHebert','Madaw26',0,0,1),(75,'Ashley Iaconetti','AshleyIaconetti','Great26',0,0,1),(76,'Ashley Luebke','AshleyLuebke','West25',0,0,1),(77,'Ashley Palenkas','AshleyPalenkas','Macom28',0,0,1),(78,'Ashley Poe','AshleyPoe','Roano25',0,0,1),(79,'Ashley Salter','AshleySalter','Vinin24',0,0,1),(80,'Ashley Spivey','AshleySpivey','Eller26',0,0,1),(81,'Astrid','Astrid','Tampa26',0,0,1),(82,'Rebecca \"Becca\" Kufrin','BeccaKufrin','Prior27',0,0,1),(83,'Becca Tilley','BeccaTilley19','Shrev25',0,0,1),(84,'Becca Tilley','BeccaTilley20','Shrev26',0,0,1),(85,'Rebekah \"Bekah\" Martinez','BekahMartinez','Fresn22[a]',0,0,1),(86,'Bettina Bell','BettinaBell','Washi27',0,0,1),(87,'Bevin Nicole Powers','BevinNicolePowers','Palo28',0,0,1),(88,'Bibiana Julian','BibianaJulian','Miami30',0,0,1),(89,'Blakeley Jones','BlakeleyJones','Ruthe33',0,0,1),(90,'Blakeney Rowe','BlakeneyRowe','Birmi29',0,0,1),(91,'Bo Stanley','BoStanley','Carpi25',0,0,1),(92,'Breanne Rice','BreanneRice','Seatt30',0,0,1),(93,'Briana','Briana','Salt28',0,0,1),(94,'Brianna \"Bri\" Amaranthus','BriannaAmaranthus','Grant25',0,0,1),(95,'Brianna \"Bri\" Barnes','BriannaBarnes','LosA24',0,0,1),(96,'Britnee','Britnee','Holla25',0,0,1),(97,'Britt (Bowe) Newton','BrittNewton','Colum28',0,0,1),(98,'Brittane Johnson','BrittaneJohnson','SanD27',0,0,1),(99,'Brittany','Brittany','Santa26',0,0,1),(100,'Brittany Fetkin','BrittanyFetkin','Temec26',0,0,1),(101,'Brittany Taylor','BrittanyTaylor','Belto30',0,0,1),(102,'Britt Billmaier','BrittBillmaier','Woodi25',0,0,1),(103,'Brittney Schreiner','BrittneySchreiner','Color26',0,0,1),(104,'Britt Nilsson','BrittNilsson','Wolco27',0,0,1),(105,'Brooke Burchette','BrookeBurchette','Pitts25',0,0,1),(106,'Brooke Smith','BrookeSmith','Alber22',0,0,1),(107,'Caelynn Miller-Keyes','CaelynnMillerKeyes','Ashev23',0,0,1),(108,'Caila Quinn','CailaQuinn','Hudso24',0,0,1),(109,'Caitlin Clemmens','CaitlinClemmens','Toron25',0,0,1),(110,'Caitlyn McCabe','CaitlynMcCabe','Winfi24',0,0,1),(111,'Camille Langfield','CamilleLangfield','LosA29',0,0,1),(112,'Candace DeCost','CandaceDeCost','Hilto23',0,0,1),(113,'Cari','Cari','Grani29',0,0,1),(114,'Carissa Ilburg','CarissaIlburg','Catta25',0,0,1),(115,'Carly Waddell','CarlyWaddell','Arlin29',0,0,1),(116,'Caroline Lunny','CarolineLunny','Holli26',0,0,1),(117,'Carri Perrier','CarriPerrier','Oklah25',0,0,1),(118,'Casey Shteamer','CaseyShteamer','Leawo26',0,0,1),(119,'Cassandra Ferguson','CassandraFerguson','Shelb22',0,0,1),(120,'Cassie Randolph','CassieRandolph','Hunti23',0,0,1),(121,'Catherine Agro','CatherineAgro','Fort26',0,0,1),(122,'Catherine Giudici','CatherineGiudici','Seatt26',0,0,1),(123,'Catherine Warren','CatherineWarren','Lake23',0,0,1),(124,'Cathy Grimes','CathyGrimes','Terra22',0,0,1),(125,'Celeste Creel','CelesteCreel','Ithac24',0,0,1),(126,'Channy Choch','ChannyChoch','Santa29',0,0,1),(127,'Chantal O\'Brien','ChantalO\'Brien','Merce28',0,0,1),(128,'Chantel Forrest','ChantelForrest','Miami27',0,0,1),(129,'Chelsea Roy','ChelseaRoy','South29',0,0,1),(130,'Chelsea Wanstrath','ChelseaWanstrath','Duran25',0,0,1),(131,'Chelsie Webster','ChelsieWebster','Lexin24',0,0,1),(132,'Christen','Christen','Tulsa25',0,0,1),(133,'Christina McCasland','ChristinaMcCasland','SanD25',0,0,1),(134,'Christina Stencil','ChristinaStencil','Bonit28',0,0,1),(135,'Christine Llano','ChristineLlano','Miami23',0,0,1),(136,'Christi Weible','ChristiWeible','Boise23',0,0,1),(137,'Christy','Christy','Avond24',0,0,1),(138,'Christy Hansen','ChristyHansen','Auror24',0,0,1),(139,'Clare Crawley','ClareCrawley','Sacra32',0,0,1),(140,'Claudia Gismondi','ClaudiaGismondi','Boca22',0,0,1),(141,'Corinne','Corinne','Miami24',0,0,1),(142,'Corrie Adamson','CorrieAdamson','Kissi23',0,0,1),(143,'Cosetta Blanca','CosettaBlanca','Italy',0,0,1),(144,'Courtney Curtis','CourtneyCurtis','McDon23',0,0,1),(145,'Courtney Robertson','CourtneyRobertson','Scott28',0,0,1),(146,'Cristy Caserta','CristyCaserta','Davie30',0,0,1),(147,'Dana Norris','DanaNorris','Bever24',0,0,1),(148,'Daniela','Daniela','Seatt30',0,0,1),(149,'Daniella McBride','DaniellaMcBride','Belmo24',0,0,1),(150,'Danielle Imwalle','DanielleImwalle','Bethe25',0,0,1),(151,'Danielle L.','DanielleL','LosA27',0,0,1),(152,'Danielle M.','DanielleM','Nashv31',0,0,1),(153,'Danielle Ronco','DanielleRonco','Litch25',0,0,1),(154,'Danielle Vallis','DanielleVallis','Bronx26',0,0,1),(155,'Deanna Pappas','DeannaPappas','Newna25',0,0,1),(156,'Debbie Merkett','DebbieMerkett','Pinet27',0,0,1),(157,'Demi Burnett','DemiBurnett','RedO23',0,0,1),(158,'Denise','Denise1','Honol30',0,0,1),(159,'Denise','Denise12','Washi30',0,0,1),(160,'DeShaun Warner','DeShaunWarner','Phill25',0,0,1),(161,'Desiree Hartsock','DesireeHartsock','North26',0,0,1),(162,'Desiree Valentin','DesireeValentin','Salt22',0,0,1),(163,'Devin Gooden','DevinGooden','Atlan23',0,0,1),(164,'Devon','Devon','Austi24',0,0,1),(165,'Diana Weeks Willardson','DianaWeeksWillardson','Sandy31',0,0,1),(166,'Dianna Martinez','DiannaMartinez','SanG30',0,0,1),(167,'Dolores Farburg','DoloresFarburg','Madis26',0,0,1),(168,'Dominique','Dominique','LosA25',0,0,1),(169,'Dominique Carta','DominiqueCarta','MtC26',0,0,1),(170,'Elise Mosca','EliseMosca','Forty27',0,0,1),(171,'Elizabeth','Elizabeth','Dalla24',0,0,1),(172,'Elizabeth Kitt (NE)','ElizabethKitt','Imper29',0,0,1),(173,'Elizabeth Kreft (D.C.)','ElizabethKreftDC','Union29',0,0,1),(174,'Ella Nolan','EllaNolan','LaFo30',0,0,1),(175,'Ellen DeMaio','EllenDeMaio','NewH30',0,0,1),(176,'Elyse Dehlbom','ElyseDehlbom','Soldo31',0,0,1),(177,'Elyse Hammer','ElyseHammer','NewY27',0,0,1),(178,'Elyse Myers','ElyseMyers','Chica24',0,0,1),(179,'Emily','Emily','Seatt23',0,0,1),(180,'Emily Ferguson','EmilyFerguson','LasV23',0,0,1),(181,'Emily Harkins','EmilyHarkins','West23',0,0,1),(182,'Emily Maynard','EmilyMaynard','Morga25',0,0,1),(183,'Emily O\'Brien','EmilyO\'Brien','Chape27',0,0,1),(184,'Erica DeSimone','EricaDeSimone','Monro25',0,0,1),(185,'Erica Rose','EricaRose','Houst23',0,0,1),(186,'Erika McNutt','ErikaMcNutt','Encin25',0,0,1),(187,'Erika Uhlig','ErikaUhlig','Charl23',0,0,1),(188,'Erin','Erin2','Westc25',0,0,1),(189,'Erin','Erin24','Houst24',0,0,1),(190,'Erin Gardner','ErinGardner','Tampa25',0,0,1),(191,'Erin Harper','ErinHarper','Seatt25',0,0,1),(192,'Erin Landry','ErinLandry','Plano28',0,0,1),(193,'Erin Parker','ErinParker','Logan24',0,0,1),(194,'Erin Storm','ErinStorm','Venic33',0,0,1),(195,'Estefania \"Stephy\" Kootz','EstefaniaKootz','Atlan26',0,0,1),(196,'Fatima Rivas','FatimaRivas','Long22',0,0,1),(197,'Frances Dinglasan','FrancesDinglasan','SanF30',0,0,1),(198,'Francine Jones','FrancineJones','Houst25',0,0,1),(199,'Gia Allemand','GiaAllemand','NewY26',0,0,1),(200,'Gina Clark','GinaClark','Chica28',0,0,1),(201,'Gwen Gioia','GwenGioia','Phila31',0,0,1),(202,'Hailey','Hailey','Vanco23',0,0,1),(203,'Haley Ferguson','HaleyFerguson','LasV23',0,0,1),(204,'Hannah Brown','HannahBrown','North24',0,0,1),(205,'Hannah Godwin','HannahGodwin','Birmi23',0,0,1),(206,'Hayley Crittenden','HayleyCrittenden','Lake28',0,0,1),(207,'Heather','Heather','Walnu24',0,0,1),(208,'Heather Cranford','HeatherCranford','Dalla30',0,0,1),(209,'Heather Martin','HeatherMartin','Carls23',0,0,1),(210,'Heather Sneed','HeatherSneed','Aliqu34',0,0,1),(211,'Helene Eksterowicz','HeleneEksterowicz','Glouc27',0,0,1),(212,'Hillary Reisinger','HillaryReisinger','Phila27',0,0,1),(213,'Holly Durst','HollyDurst','Suffi24',0,0,1),(214,'Holly Johnson','HollyJohnson','Salye34',0,0,1),(215,'Holly Reeder','HollyReeder','Tulsa26',0,0,1),(216,'Ida Marie','IdaMarie','Harli23',0,0,1),(217,'Isabel \"Izzy\" Goodkind','IzzyGoodkind','Branf24',0,0,1),(218,'Jackie','Jackie','Pitts22',0,0,1),(219,'Jacqueline \"Jackie\" Dion','JackieDion','Newpo23',0,0,1),(220,'Jackie Gordon','JackieGordon','Newpo26',0,0,1),(221,'Jackie Hickey','JackieHickey','Sprin26',0,0,1),(222,'Jackie Parr','JackieParr','Ormon25',0,0,1),(223,'Jackie Topelli','JackieTopelli','Minne23',0,0,1),(224,'Jaclyn Swartz','JaclynSwartz','Newto27',0,0,1),(225,'Jacqueline Trumbull','JacquelineTrumbull','Morga26',0,0,1),(226,'Jessica \"J\" Adams','JAdams','Seatt26',0,0,1),(227,'Jade Beazley','JadeBeazley','Nashv24',0,0,1),(228,'Jade Roper','JadeRoper','Gerin28',0,0,1),(229,'Jaimi','Jaimi','NewO28',0,0,1),(230,'Jamie Otis','JamieOtis','Dryde25',0,0,1),(231,'Jami Letain','JamiLetain','StA23',0,0,1),(232,'Jami Matzke','JamiMatzke','Galve27',0,0,1),(233,'Adrianne \"Jane\" Averbukh','JaneAverbukh','West26',0,0,1),(234,'Jasmine B.','JasmineB','Tacom25',0,0,1),(235,'Jasmine G.','JasmineG','SanF29',0,0,1),(236,'Jeanette Alvarez','JeanetteAlvarez','Tampa27',0,0,1),(237,'Jeanette Pawula','JeanettePawula','Bloom23',0,0,1),(238,'Jean-Marie Callahan','Jean-MarieCallahan','Gibso26',0,0,1),(239,'Jenna Burke','JennaBurke','Lovel27',0,0,1),(240,'Jenna Cooper','JennaCooper','Ralei28',0,0,1),(241,'Jenni Croft','JenniCroft','Wichi27',0,0,1),(242,'Jennifer Fritsch','JenniferFritsch','Cache28',0,0,1),(243,'Jennifer Saviano','JenniferSaviano','Laude25',0,0,1),(244,'Jennifer Wilson','JenniferWilson','Pembr24',0,0,1),(245,'Jennifer \"Jenny\" Delaney','JennyDelaney','North25',0,0,1),(246,'Jenny De Schiralli','JennyDeSchiralli','Carrb26',0,0,1),(247,'Jenny Matthews','JennyMatthews','Canto24',0,0,1),(248,'Jessica Bowlin','JessicaBowlin','Hunti22',0,0,1),(249,'Jessica Carroll','JessicaCarroll','Calga26',0,0,1),(250,'Jessica Devallo','JessicaDevallo','NewY32',0,0,1),(251,'Jessica Holcomb','JessicaHolcomb','Pears25',0,0,1),(252,'Jessica Horner','JessicaHorner','Charl25',0,0,1),(253,'Jessica Kiss','JessicaKiss','Lady27',0,0,1),(254,'Jessica Kyron','JessicaKyron','Cinci21',0,0,1),(255,'Jessica Moser','JessicaMoser','Boca23',0,0,1),(256,'Jessie Sulidis','JessieSulidis','Oakvi25',0,0,1),(257,'Jill','Jill','Chica31',0,0,1),(258,'Jillian Anderson','JillianAnderson','Howla25',0,0,1),(259,'Jillian Harris','JillianHarris','Peace29',0,0,1),(260,'Jill Ruskowski','JillRuskowski','Frisc28',0,0,1),(261,'Joelle \"JoJo\" Fletcher','JoJoFletcher','Dalla24',0,0,1),(262,'Jordan Branch','JordanBranch','Winds24',0,0,1),(263,'Josephine','Josephine','Santa24',0,0,1),(264,'Jubilee Sharpe','JubileeSharpe','Fort24',0,0,1),(265,'Juelia Kinney','JueliaKinney','Beave30',0,0,1),(266,'Julie Dermotta','JulieDermotta','Colum26',0,0,1),(267,'Julie Durda','JulieDurda','Sacra24',0,0,1),(268,'Juli Gilliam','JuliGilliam','Chica24',0,0,1),(269,'Kacie Boguskie','KacieBoguskie','Clark25',0,0,1),(270,'Kacie Boguskie','KacieBoguskie16','Clark24',0,0,1),(271,'Kaitlyn Bristowe','KaitlynBristowe','Leduc29',0,0,1),(272,'Kara Wilson','KaraWilson','Brown25',0,0,1),(273,'Karen Lindsay','KarenLindsay','Pleas28',0,0,1),(274,'Kari Fajen','KariFajen','Lees27',0,0,1),(275,'Kate Brockhouse','KateBrockhouse','Raven24',0,0,1),(276,'Kathryn Sherlock','KathrynSherlock','Lexin25',0,0,1),(277,'Kat Hurd','KatHurd','Iowa29',0,0,1),(278,'Katie','Katie','Malde23',0,0,1),(279,'Katie Gehart','KatieGehart','Scott22',0,0,1),(280,'Katie Levans','KatieLevans','Woods27',0,0,1),(281,'Katie Morton','KatieMorton','Ovied26',0,0,1),(282,'Kelly Duncan','KellyDuncan','Holly25',0,0,1),(283,'Kelly Dutton','KellyDutton','Chatt28',0,0,1),(284,'Kelly Travis','KellyTravis','Conye27',0,0,1),(285,'Kelsey Poe','KelseyPoe','Hudso28',0,0,1),(286,'Keltie Colleen','KeltieColleen','Sherw28',0,0,1),(287,'Kendall Long','KendallLong','Santa26',0,0,1),(288,'Keriann Miranda','KeriannMiranda','Agour29',0,0,1),(289,'Kim','Kim','Tempe24',0,0,1),(290,'Kimberly Coon','KimberlyCoon','Orlan27',0,0,1),(291,'Kimberly Sherbach','KimberlySherbach','Wanta28',0,0,1),(292,'Kimberly Sullivan','KimberlySullivan','Norma24',0,0,1),(293,'Kim Jackson','KimJackson','Newpo27',0,0,1),(294,'Kim Orville','KimOrville','Woodb31',0,0,1),(295,'Kirpa Sudick','KirpaSudick','Whitt26',0,0,1),(296,'Kirsten Pittman','KirstenPittman','Auror25',0,0,1),(297,'Kristina','Kristina','Lexin24',0,0,1),(298,'Kristina Jenkins','KristinaJenkins','LosA27',0,0,1),(299,'Kristin Clearwater','KristinClearwater','Sausa25',0,0,1),(300,'Kristine Heffelfinger','KristineHeffelfinger','Dills33',0,0,1),(301,'Kristy Kaminski','KristyKaminski','Darie25',0,0,1),(302,'Kristy Katzmann','KristyKatzmann','Gurne29',0,0,1),(303,'Kristy Romero','KristyRomero','Dearb25',0,0,1),(304,'Krystal Nielson','KrystalNielson','Misso30',0,0,1),(305,'Kyla Dickerson','KylaDickerson','Midva22',0,0,1),(306,'Kylie Lewis','KylieLewis','Rockf23',0,0,1),(307,'Lace Morris','LaceMorris','Denve25',0,0,1),(308,'Lacey','Lacey','Manha25',0,0,1),(309,'Lacey Garbelman','LaceyGarbelman','Tampa27',0,0,1),(310,'Lacey Latka','LaceyLatka','Steve24',0,0,1),(311,'Lacy Faddoul','LacyFaddoul','Antel25',0,0,1),(312,'LaNease Adams','LaNeaseAdams','LosA23',0,0,1),(313,'Laura Esselman','LauraEsselman','Louis24',0,0,1),(314,'Laura Morgan','LauraMorgan','SanD29',0,0,1),(315,'Laura Pellerito','LauraPellerito','Dalla26',0,0,1),(316,'Lauren','Lauren','Naple30',0,0,1),(317,'Lauren \"LB\" Barr','LaurenBarr','Still23',0,0,1),(318,'Lauren Burnham','LaurenBurnham','Virgi25',0,0,1),(319,'Lauren Bushnell','LaurenBushnell','West25',0,0,1),(320,'Lauren Griffin','LaurenGriffin','India26',0,0,1),(321,'Lauren Higginson','LaurenHigginson','Edmon25',0,0,1),(322,'Lauren Himle','LaurenHimle','Dexte25',0,0,1),(323,'Lauren Jarreau','LaurenJarreau','NewR33',0,0,1),(324,'Lauren Marchetti','LaurenMarchetti','Crans27',0,0,1),(325,'Lauren Moore','LaurenMoore','Culpe26',0,0,1),(326,'Lauren Russell','LaurenRussell','Houst26',0,0,1),(327,'Lauren Schleyer','LaurenSchleyer','Dalla31',0,0,1),(328,'Lauren Solomon','LaurenSolomon','Austi26',0,0,1),(329,'Lauren Wanger','LaurenWanger','Marlb27',0,0,1),(330,'Leah Block','LeahBlock','Green25',0,0,1),(331,'Lesley Geyer','LesleyGeyer','Tampa23',0,0,1),(332,'Lesley Murphy','LesleyMurphy','Fort24',0,0,1),(333,'Leslie Hughes','LeslieHughes','Ruski28',0,0,1),(334,'Liangy Fernandez','LiangyFernandez','Coral30',0,0,1),(335,'Linda Malek','LindaMalek','Cuyah33',0,0,1),(336,'Lindsay Hill','LindsayHill','Plano25',0,0,1),(337,'Lindsay Smith','LindsaySmith','Lawre22',0,0,1),(338,'Lindsay Yenter','LindsayYenter','Fort24',0,0,1),(339,'Lindsey Hawkins','LindseyHawkins','Livon25',0,0,1),(340,'Lindzi Cox','LindziCox','Newca27',0,0,1),(341,'Lisa Blank','LisaBlank','Portl25',0,0,1),(342,'Lisa Gold','LisaGold','Dalla29',0,0,1),(343,'Lisa Gonzalez','LisaGonzalez','Boise28',0,0,1),(344,'Lisa Morrisey','LisaMorrisey','Ottaw24',0,0,1),(345,'Lisa P.','LisaP','DixH27',0,0,1),(346,'Liz','Liz','LasV29',0,0,1),(347,'Lori','Lori','Dalla26',0,0,1),(348,'Lori Langley','LoriLangley','Annap33',0,0,1),(349,'Lucinda \"Lucy\" Aragon','LucyAragon','Santa25',0,0,1),(350,'Lyndsie James','LyndsieJames','Londo29',0,0,1),(351,'Mackenzie Deonigi','MackenzieDeonigi','Maple21',0,0,1),(352,'Madison Garton','MadisonGarton','Vail25',0,0,1),(353,'Maegan Miller','MaeganMiller','Visal30',0,0,1),(354,'Maggie Gantt','MaggieGantt','Wagen25',0,0,1),(355,'Mallory Simons','MallorySimons','Honol24',0,0,1),(356,'Amanda \"Mandi\" Kremer','MandiKremer','Portl28',0,0,1),(357,'Mandy Clemens','MandyClemens','SanD25',0,0,1),(358,'Mandy Jaye Jeffreys','MandyJayeJeffreys','Midla26',0,0,1),(359,'Maquel Cooper','MaquelCooper','Ameri23',0,0,1),(360,'Marikh Mathias','MarikhMathias','Salt27',0,0,1),(361,'Marissa May','MarissaMay','Mesa26',0,0,1),(362,'Marshana Ritchie','MarshanaRitchie','Brook27',0,0,1),(363,'McCarten Delaney','McCartenDelaney','Lemon26',0,0,1),(364,'Megan Bell','MeganBell','Nashv24',0,0,1),(365,'Megan Parris','MeganParris','Sewic25',0,0,1),(366,'Meghan Merritt','MeghanMerritt','Princ30',0,0,1),(367,'Melissa','Melissa','Tempe25',0,0,1),(368,'Melissa Buschel','MelissaBuschel','Westc28',0,0,1),(369,'Melissa Rycroft','MelissaRycroft','Dalla25',0,0,1),(370,'Melissa Schreiber','MelissaSchreiber','Westp32',0,0,1),(371,'Meri Barr','MeriBarr','Bilox27',0,0,1),(372,'Merrilee Donohue','MerrileeDonohue','Forke28',0,0,1),(373,'Michele Leavy','MicheleLeavy','South30',0,0,1),(374,'Michele R.','MicheleR','Lagun33',0,0,1),(375,'Michelle','Michelle','LosA24',0,0,1),(376,'Michelle Davis','MichelleDavis','Provo25',0,0,1),(377,'Michelle Kujawa','MichelleKujawa','Anahe26',0,0,1),(378,'Michelle Money','MichelleMoney','Salt30',0,0,1),(379,'Michelle P.','MichelleP','Syrac28',0,0,1),(380,'Molly Malaney','MollyMalaney','Brook24',0,0,1),(381,'Monica Spannbauer','MonicaSpannbauer','Yuba33',0,0,1),(382,'Morgan Becker','MorganBecker','Tempe24',0,0,1),(383,'Naomi Rose Crespo','NaomiRoseCrespo','Carls24',0,0,1),(384,'Natalie Getz','NatalieGetz','Morto27',0,0,1),(385,'Natalie Velasco','NatalieVelasco','Dunca25',0,0,1),(386,'Nicki Sterling','NickiSterling','Hurst26',0,0,1),(387,'Nicole Clary','NicoleClary','Charl26',0,0,1),(388,'Nicole Lopez-Alvar','NicoleLopezAlvar','Miami25',0,0,1),(389,'Nicole Mah','NicoleMah','Calga25',0,0,1),(390,'Nicole Meacham','NicoleMeacham','Scott31',0,0,1),(391,'Nikki Delventhal','NikkiDelventhal','Hasbr26',0,0,1),(392,'Nikki Ferrell','NikkiFerrell','Kearn26',0,0,1),(393,'Nicole \"Nikki\" Kaapke','NikkiKaapke','Blue29',0,0,1),(394,'Nina Bartula','NinaBartula','Ralei30',0,0,1),(395,'Noelle Drake','NoelleDrake','Lovel26',0,0,1),(396,'D\'Nysha \"Nysha\" Norris','NyshaNorris','Ander30',0,0,1),(397,'Olivia','Olivia','Ancho25',0,0,1),(398,'Olivia Caridi','OliviaCaridi','Brist23',0,0,1),(399,'Olivia Goethals','OliviaGoethals','Genes23',0,0,1),(400,'Onyeka Ehie','OnyekaEhie','Manha24',0,0,1),(401,'Paige Vigil','PaigeVigil','Minne25',0,0,1),(402,'Paula','Paula','Swans24',0,0,1),(403,'Peyton Wright','PeytonWright','LaVe24',0,0,1),(404,'Rachel','Rachel1','Eastc29',0,0,1),(405,'Rachel','Rachel21','Dalla31',0,0,1),(406,'Rachel Clementi','RachelClementi','Buffa26',0,0,1),(407,'Rachel Tchen','RachelTchen','Littl23',0,0,1),(408,'Rachel Truehart','RachelTruehart','South27',0,0,1),(409,'Raichel Goodyear','RaichelGoodyear','Fulle29',0,0,1),(410,'Raquel Medeiros','RaquelMedeiros','Recif27',0,0,1),(411,'Raven','Raven','Hoxie25',0,0,1),(412,'Rebecca','Rebecca','Alamo30',0,0,1),(413,'Rebecca','Rebecca15','Missi30',0,0,1),(414,'Reegan Cornwell','ReeganCornwell','Manha28',0,0,1),(415,'Regina Doringa','ReginaDoringa','SanD31',0,0,1),(416,'Renee Halpin','ReneeHalpin','Palos28',0,0,1),(417,'Renee Oteri','ReneeOteri','Marth32',0,0,1),(418,'Renee Simlak','ReneeSimlak','South36',0,0,1),(419,'Renee Snell','ReneeSnell','Balti30',0,0,1),(420,'Revian Chang','RevianChang','Austi24',0,0,1),(421,'Rhonda Rittenhouse','RhondaRittenhouse','Woodw28',0,0,1),(422,'Rita Ghazal','RitaGhazal','Richm29',0,0,1),(423,'Robin Canfield','RobinCanfield','Holla22',0,0,1),(424,'Robyn Howard','RobynHoward','Topek24',0,0,1),(425,'Rosella Fratto','RosellaFratto','Chica27',0,0,1),(426,'Rozlyn Papa','RozlynPapa','Richm28',0,0,1),(427,'Sadie Murray','SadieMurray','Carls23',0,0,1),(428,'Samantha Levey','SamanthaLevey','Pitts26',0,0,1),(429,'Samantha Passmore','SamanthaPassmore','NewS26',0,0,1),(430,'Samantha Steffen','SamanthaSteffen','India27',0,0,1),(431,'Sarah','Sarah','Newpo26',0,0,1),(432,'Sarah Herron','SarahHerron','Everg26',0,0,1),(433,'Sarah Ledtke','SarahLedtke','Sagin25',0,0,1),(434,'Sarah Newlon','SarahNewlon','O\'Fal23',0,0,1),(435,'Sarah Powell','SarahPowell','Denve27',0,0,1),(436,'Sarah Schnare','SarahSchnare','Nelso30',0,0,1),(437,'Seinne Fleming','SeinneFleming','Long27',0,0,1),(438,'Selma Alameri','SelmaAlameri','Borre29',0,0,1),(439,'Shannon','Shannon','Long26',0,0,1),(440,'Shannon Bair','ShannonBair','Marsh29',0,0,1),(441,'Shannon Oliver','ShannonOliver','Dalla24',0,0,1),(442,'Sharleen Joynt','SharleenJoynt','Ottaw29',0,0,1),(443,'Sharon Staebell','SharonStaebell','Batav32',0,0,1),(444,'Shawn Reynolds','ShawnReynolds','Cinci28',0,0,1),(445,'Shawntel Newton','ShawntelNewton','Chico25',0,0,1),(446,'Shayne Lamas','ShayneLamas','Malib22',0,0,1),(447,'Sheena Stewart','SheenaStewart','Walnu23',0,0,1),(448,'Sheila Marie Lidner','SheilaMarieLidner','Scott25',0,0,1),(449,'Shelby','Shelby','Stock23',0,0,1),(450,'Shira Astrof','ShiraAstrof','Massa35',0,0,1),(451,'Shushanna Mkrtychyan','ShushannaMkrtychyan','Salt27',0,0,1),(452,'Solisa Shoop','SolisaShoop','Georg25',0,0,1),(453,'Stacey Elza','StaceyElza','Chica26',0,0,1),(454,'Stacey Quirpel','StaceyQuirpel','Quinc26',0,0,1),(455,'Stacia Mann','StaciaMann','Orem24',0,0,1),(456,'Stephanie Hogan','StephanieHogan','Hunts34',0,0,1),(457,'Stephanie Mueller','StephanieMueller','Morri24',0,0,1),(458,'Stephanie Tipper','StephanieTipper','Folly27',0,0,1),(459,'Stephanie Wilhite','StephanieWilhite','Overl23',0,0,1),(460,'Susan Anderson','SusanAnderson','TheW23',0,0,1),(461,'Susannah','Susannah','SanD26',0,0,1),(462,'Susan Stein','SusanStein','StC35',0,0,1),(463,'Suzanne Freeman','SuzanneFreeman','Redon33',0,0,1),(464,'Suzie Williams','SuzieWilliams','AnnA23',0,0,1),(465,'Suzi Reid','SuziReid','Richm28',0,0,1),(466,'Sydney Lotuaco','SydneyLotuaco','Virgi27',0,0,1),(467,'Tahzjuan Hawkins','TahzjuanHawkins','Castl25',0,0,1),(468,'Tamara','Tamara','Bever23',0,0,1),(469,'Tandra Steiner','TandraSteiner','Sandy30',0,0,1),(470,'Tara Durr','TaraDurr','StA24',0,0,1),(471,'Tara Eddings','TaraEddings','Fort26',0,0,1),(472,'Tara Huckeby','TaraHuckeby','Shawn23',0,0,1),(473,'Taryn Renee Daniels','TarynReneeDaniels','Trout30',0,0,1),(474,'Tauni Nessler ','TauniNessler','StL31',0,0,1),(475,'Taylor','Taylor','Seatt23',0,0,1),(476,'Tayshia Adams','TayshiaAdams','Coron28',0,0,1),(477,'Tenley Molzahn','TenleyMolzahn','Newbe25',0,0,1),(478,'Tessa Horst','TessaHorst','SanF26',0,0,1),(479,'Tia Booth','TiaBooth','Weine26',0,0,1),(480,'Tiana Kruzel','TianaKruzel','Calga31',0,0,1),(481,'Tiara Soleim','TiaraSoleim','Redmo27',0,0,1),(482,'Tierra LiCausi','TierraLiCausi','LasV24',0,0,1),(483,'Tiffany','Tiffany','SanF33',0,0,1),(484,'Tiffany Forester','TiffanyForester','StL27',0,0,1),(485,'Tiffany Warren','TiffanyWarren','Bosto28',0,0,1),(486,'Tina Chen','TinaChen','Plano27',0,0,1),(487,'Tina Wu','TinaWu','LosA26',0,0,1),(488,'Tracy Darakis','TracyDarakis','Welli29',0,0,1),(489,'Tracy Shapoff','TracyShapoff','Roche31',0,0,1),(490,'Treasure Morgan','TreasureMorgan','Salt28',0,0,1),(491,'Trina Scherenberg','TrinaScherenberg','Algon33',0,0,1),(492,'Trish Schneider','TrishSchneider','Atlan28',0,0,1),(493,'Trista Rehn','TristaRehn','Miami29',0,0,1),(494,'Valerie Biles','ValerieBiles','Nashv26',0,0,1),(495,'Valerie Eredia','ValerieEredia','Sutte26',0,0,1),(496,'Valishia Savage','ValishiaSavage','SanB32',0,0,1),(497,'Vanessa','Vanessa','Montr29',0,0,1),(498,'Victoria Lima','VictoriaLima','Porto24',0,0,1),(499,'Vienna Girardi','ViennaGirardi','Genev23',0,0,1),(500,'Wendi Plotnik','WendiPlotnik','Dalla26',0,0,1),(501,'Whitney','Whitney','Chanh25',0,0,1),(502,'Whitney Bischoff','WhitneyBischoff','Louis29',0,0,1),(503,'1','1122','B9f5mjLCWEIozePj5PWpolhVD8MZ6ME1hnH3YVr41ALyTJKw2sE29erR/uF7XH9h',1,0,0),(511,'235556666','224444','JF5w63Fqc/z42Pkna8ugzcEcQ1sisOWArhRfjFjAS6uDxg1ppygNkGNnn6/2VTvX',1,1,0),(512,'3','33','0PkZeOCbp9WscqGHXx/zoIRzhcEyW5S+3IJWqOEyzqwwapIQtMeIVeO43uSkA0EW',0,1,0),(513,'455','44','SBdRoy963EAccrrmCmMPw+DvVrKzraGDOYJMoWqursNvwWEmD4wz2RCOTQoagtfT',0,0,1),(514,'12','12','P4SFMZ/sC4/EfxrZ/X7pwzNT+u/9KrjoKyj25wQczWS0EthNGjY5vU6+DBPF7VFv',0,0,1),(517,'12','11','xk+RSZP3xzQa9o+vsiH7ut6km6HF/Fzbb2pNfLpEyfs3cKpgaAn8WN872LYazjwT',0,1,0);
/*!40000 ALTER TABLE `user_` ENABLE KEYS */;
UNLOCK TABLES;
/*!40103 SET TIME_ZONE=@OLD_TIME_ZONE */;

/*!40101 SET SQL_MODE=@OLD_SQL_MODE */;
/*!40014 SET FOREIGN_KEY_CHECKS=@OLD_FOREIGN_KEY_CHECKS */;
/*!40014 SET UNIQUE_CHECKS=@OLD_UNIQUE_CHECKS */;
/*!40101 SET CHARACTER_SET_CLIENT=@OLD_CHARACTER_SET_CLIENT */;
/*!40101 SET CHARACTER_SET_RESULTS=@OLD_CHARACTER_SET_RESULTS */;
/*!40101 SET COLLATION_CONNECTION=@OLD_COLLATION_CONNECTION */;
/*!40111 SET SQL_NOTES=@OLD_SQL_NOTES */;

-- Dump completed on 2019-04-22 18:47:13
